ID;Severity;Name;Vulnerability_url;Package;Versions;CVE;GitHub Advisory;GitHub Commit;GitHub Release;GitHub Release Tag;GitHub Additional Information;GitHub PR;GitHub Issue;NVD
1;H;Denial of Service (DoS);https://snyk.io/vuln/SNYK-PYTHON-TENSORFLOWGPU-1020815;tensorflow-gpu;[,2.4.0);CVE-2020-15266;;https://github.com/tensorflow/tensorflow/pull/42143/commits/3ade2efec2e90c6237de32a19680caaa3ebc2845;;;;;https://github.com/tensorflow/tensorflow/issues/42129;
2;H;Denial of Service (DoS);https://snyk.io/vuln/SNYK-PYTHON-TENSORFLOWGPU-1020820;tensorflow-gpu;[,2.4.0);CVE-2020-15265;;https://github.com/tensorflow/tensorflow/commit/eccb7ec454e6617738554a255d77f08e60ee0808;;;;;https://github.com/tensorflow/tensorflow/issues/42105;
3;H;HTTP Header Injection;https://snyk.io/vuln/SNYK-PYTHON-URLLIB3-1014645;urllib3;[,1.25.9);CVE-2020-26137;;https://github.com/urllib3/urllib3/commit/1dd69c5c5982fae7c87a620d487c2ebf7a6b436b;;;;https://github.com/urllib3/urllib3/pull/1800;;
4;M;Heap-based Buffer Overflow;https://snyk.io/vuln/SNYK-PYTHON-TENSORFLOWGPU-1013614;tensorflow-gpu;[2.3.0, 2.3.1);CVE-2020-15198;https://github.com/tensorflow/tensorflow/security/advisories/GHSA-jc87-6vpp-7ff3;https://github.com/tensorflow/tensorflow/commit/3cbb917b4714766030b28eba9fb41bb97ce9ee02;https://github.com/tensorflow/tensorflow/releases/tag/v2.3.1;;;;;
5;M;NULL Pointer Dereference;https://snyk.io/vuln/SNYK-PYTHON-TENSORFLOWGPU-1013608;tensorflow-gpu;[2.2.0, 2.2.1),[2.3.0, 2.3.1);CVE-2020-15191;https://github.com/tensorflow/tensorflow/security/advisories/GHSA-q8qj-fc9q-cphr;https://github.com/tensorflow/tensorflow/commit/22e07fb204386768e5bcbea563641ea11f96ceb8;https://github.com/tensorflow/tensorflow/releases/tag/v2.3.1;;;;;
6;M;Improper Input Validation;https://snyk.io/vuln/SNYK-PYTHON-TENSORFLOW-1013605;tensorflow;[,1.15.4),[2.0.0, 2.0.3),[2.1.0, 2.1.2),[2.2.0, 2.2.1),[2.3.0, 2.3.1);CVE-2020-15210;https://github.com/tensorflow/tensorflow/security/advisories/GHSA-x9j7-x98r-r4w2;https://github.com/tensorflow/tensorflow/commit/d58c96946b2880991d63d1dacacb32f0a4dfa453;https://github.com/tensorflow/tensorflow/releases/tag/v2.3.1;;;;;
7;H;Heap-based Buffer Overflow;https://snyk.io/vuln/SNYK-PYTHON-TENSORFLOWGPU-1013603;tensorflow-gpu;[,1.15.4),[2.0.0, 2.0.3),[2.1.0, 2.1.2),[2.2.0, 2.2.1),[2.3.0, 2.3.1);CVE-2020-15195;https://github.com/tensorflow/tensorflow/security/advisories/GHSA-63xm-rx5p-xvqr;https://github.com/tensorflow/tensorflow/commit/390611e0d45c5793c7066110af37c8514e6a6c54;https://github.com/tensorflow/tensorflow/releases/tag/v2.3.1;;;;;
8;M;NULL Pointer Dereference;https://snyk.io/vuln/SNYK-PYTHON-TENSORFLOW-1013553;tensorflow;[,1.15.4),[2.0.0, 2.0.3),[2.1.0, 2.1.2),[2.2.0, 2.2.1),[2.3.0, 2.3.1);CVE-2020-15209;https://github.com/tensorflow/tensorflow/security/advisories/GHSA-qh32-6jjc-qprm;https://github.com/tensorflow/tensorflow/commit/0b5662bc2be13a8c8f044d925d87fb6e56247cd8;https://github.com/tensorflow/tensorflow/releases/tag/v2.3.1;;;;;
9;M;Denial of Service (DoS);https://snyk.io/vuln/SNYK-PYTHON-TENSORFLOW-1013552;tensorflow;[2.2.0, 2.2.1),[2.3.0, 2.3.1);CVE-2020-15213;https://github.com/tensorflow/tensorflow/security/advisories/GHSA-hjmq-236j-8m87;https://github.com/tensorflow/tensorflow/commit/204945b19e44b57906c9344c0d00120eeeae178a;https://github.com/tensorflow/tensorflow/releases/tag/v2.3.1;;;;;
10;M;Out-of-Bounds;https://snyk.io/vuln/SNYK-PYTHON-TENSORFLOW-1013583;tensorflow;[,1.15.4),[2.0.0, 2.0.3),[2.1.0, 2.1.2),[2.2.0, 2.2.1),[2.3.0, 2.3.1);CVE-2020-15211;https://github.com/tensorflow/tensorflow/security/advisories/GHSA-cvpc-8phh-8f45;https://github.com/tensorflow/tensorflow/commit/00302787b788c5ff04cb6f62aed5a74d936e86c0;https://github.com/tensorflow/tensorflow/releases/tag/v2.3.1;;;;;
11;H;Heap-based Buffer Overflow;https://snyk.io/vuln/SNYK-PYTHON-TENSORFLOWGPU-1013544;tensorflow-gpu;[,1.15.4),[2.0.0, 2.0.3),[2.1.0, 2.1.2),[2.2.0, 2.2.1),[2.3.0, 2.3.1);CVE-2020-15205;https://github.com/tensorflow/tensorflow/security/advisories/GHSA-g7p5-5759-qv46;https://github.com/tensorflow/tensorflow/commit/0462de5b544ed4731aa2fb23946ac22c01856b80;https://github.com/tensorflow/tensorflow/releases/tag/v2.3.1;;;;;
12;H;Numeric Truncation Error;https://snyk.io/vuln/SNYK-PYTHON-TENSORFLOWGPU-1013545;tensorflow-gpu;[,1.15.4),[2.0.0, 2.0.3),[2.1.0, 2.1.2),[2.2.0, 2.2.1),[2.3.0, 2.3.1);CVE-2020-15202;https://github.com/tensorflow/tensorflow/security/advisories/GHSA-h6fg-mjxg-hqq4;https://github.com/tensorflow/tensorflow/commit/27b417360cbd671ef55915e4bb6bb06af8b8a832;https://github.com/tensorflow/tensorflow/releases/tag/v2.3.1;;;;;
13;H;Out-of-Bounds;https://snyk.io/vuln/SNYK-PYTHON-TENSORFLOW-1013548;tensorflow;[,1.15.4),[2.0.0, 2.0.3),[2.1.0, 2.1.2),[2.2.0, 2.2.1),[2.3.0, 2.3.1);CVE-2020-15208;https://github.com/tensorflow/tensorflow/security/advisories/GHSA-mxjj-953w-2c2v;https://github.com/tensorflow/tensorflow/commit/8ee24e7949a203d234489f9da2c5bf45a7d5157d;https://github.com/tensorflow/tensorflow/releases/tag/v2.3.1;;;;;
14;M;NULL Pointer Dereference;https://snyk.io/vuln/SNYK-PYTHON-TENSORFLOWGPU-1013540;tensorflow-gpu;[,1.15.4),[2.0.0, 2.0.3),[2.1.0, 2.1.2),[2.2.0, 2.2.1),[2.3.0, 2.3.1);CVE-2020-15204;https://github.com/tensorflow/tensorflow/security/advisories/GHSA-q8gv-q7wr-9jf8;https://github.com/tensorflow/tensorflow/commit/9a133d73ae4b4664d22bd1aa6d654fec13c52ee1;https://github.com/tensorflow/tensorflow/releases/tag/v2.3.1;;;;;
15;H;Externally-Controlled Format String;https://snyk.io/vuln/SNYK-PYTHON-TENSORFLOWGPU-1013495;tensorflow-gpu;[,1.15.4),[2.0.0, 2.0.3),[2.1.0, 2.1.2),[2.2.0, 2.2.1),[2.3.0, 2.3.1);CVE-2020-15203;https://github.com/tensorflow/tensorflow/security/advisories/GHSA-xmq7-7fxm-rr79;https://github.com/tensorflow/tensorflow/commit/33be22c65d86256e6826666662e40dbdfe70ee83;;;https://github.com/advisories/GHSA-xmq7-7fxm-rr79;;;https://nvd.nist.gov/vuln/detail/CVE-2020-15203
16;H;Denial of Service (DoS);https://snyk.io/vuln/SNYK-PYTHON-TENSORFLOWGPU-1013448;tensorflow-gpu;[,1.15.4),[2.0.0, 2.0.3),[2.1.0, 2.1.2),[2.2.0, 2.2.1),[2.3.0, 2.3.1);CVE-2020-15206;https://github.com/tensorflow/tensorflow/security/advisories/GHSA-w5gh-2wr2-pm6g;https://github.com/tensorflow/tensorflow/commit/adf095206f25471e864a8e63a0f1caef53a0e3a6;https://github.com/tensorflow/tensorflow/releases/tag/v2.3.1;;;;;
17;L;Denial of Service (DoS);https://snyk.io/vuln/SNYK-PYTHON-TENSORFLOWGPU-1013442;tensorflow-gpu;[,1.15.4),[2.0.0, 2.0.3),[2.1.0, 2.1.2),[2.2.0, 2.2.1),[2.3.0, 2.3.1);CVE-2020-15190;;https://github.com/tensorflow/tensorflow/commit/da8558533d925694483d2c136a9220d6d49d843c;;;;;;https://nvd.nist.gov/vuln/detail/CVE-2020-15190
18;H;Regular Expression Denial of Service (ReDoS);https://snyk.io/vuln/SNYK-PYTHON-PYLINT-609883;pylint;[0,];;;https://github.com/PyCQA/pylint/commit/5405dd5115d598fa69e49538d50ec79202b1b52e;;;;;;
19;H;Directory Traversal;https://snyk.io/vuln/SNYK-PYTHON-PIP-609855;pip;[,19.2);CVE-2019-20916;;https://github.com/gzpan123/pip/commit/a4c735b14a62f9cb864533808ac63936704f2ace;;;;;https://github.com/pypa/pip/issues/6413;
20;H;Cross-site Scripting (XSS);https://snyk.io/vuln/SNYK-PYTHON-PDOC3-608847;pdoc3;[, 0.9.0);;;https://github.com/pdoc3/pdoc/commit/d9df475f5ab8afd2c45c920827ddd75fcb66b238;;;;;;
21;M;Denial of Service (DoS);https://snyk.io/vuln/SNYK-PYTHON-SQLALCHEMY-590109;sqlalchemy;[0, 1.3.19);;;https://github.com/sqlalchemy/sqlalchemy/commit/d3ba45c00f83f7d57be5fb5caa7fb27f61624e28;;;;;https://github.com/sqlalchemy/sqlalchemy/issues/5470;
22;M;Information Exposure;https://snyk.io/vuln/SNYK-PYTHON-DATASETTE-598229;datasette;[,0.46);;;https://github.com/simonw/datasette/commit/7f10f0f7664d474c1be82bf668829e3b736a3d2b;;;;;https://github.com/simonw/datasette/issues/918;
23;L;Uninitialized Memory Exposure;https://snyk.io/vuln/SNYK-PYTHON-ASYNCPG-597672;asyncpg;[,0.21.0);CVE-2020-17446;;https://github.com/MagicStack/asyncpg/commit/69bcdf5bf7696b98ee708be5408fd7d854e910d0;;;;;;
24;M;Cross-site Scripting (XSS);https://snyk.io/vuln/SNYK-PYTHON-WAGTAIL-585980;wagtail;[,2.7.4),[2.8.0, 2.9.3);CVE-2020-15118;;https://github.com/wagtail/wagtail/commit/d9a41e7f24d08c024acc9a3094940199df94db34;https://github.com/wagtail/wagtail/blob/master/docs/releases/2.9.3.rst;;;;;
25;M;Authentication Bypass;https://snyk.io/vuln/SNYK-PYTHON-JUPYTERHUBKUBESPAWNER-585938;jupyterhub-kubespawner;[,0.12.0);CVE-2020-15110;https://github.com/jupyterhub/kubespawner/security/advisories/GHSA-v7m9-9497-p9gr;https://github.com/jupyterhub/kubespawner/commit/3dfe870a7f5e98e2e398b01996ca6b8eff4bb1d0;;;;;;
26;M;Denial of Service (DoS);https://snyk.io/vuln/SNYK-PYTHON-CHANNELSREDIS-574718;channels-redis;[0,3.0.0);;;https://github.com/django/channels_redis/commit/c13b3453f976e23a617fc55f9748609c1692c8f0;;;;https://github.com/django/channels_redis/pull/184;https://github.com/django/channels_redis/issues/182;
27;M;Buffer Overflow;https://snyk.io/vuln/SNYK-PYTHON-PILLOW-574577;pillow;[, 7.1.0);CVE-2020-10379;;https://github.com/python-pillow/Pillow/commit/46f4a349b88915787fea3fb91348bb1665831bbb#diff-9478f2787e3ae9668a15123b165c23ac;;;;https://github.com/python-pillow/Pillow/pull/4538;;
28;M;Out-of-bounds Read;https://snyk.io/vuln/SNYK-PYTHON-PILLOW-574575;pillow;[0, 7.1.0);CVE-2020-10994;;https://github.com/python-pillow/Pillow/commits/master/src/libImaging/;;;;https://github.com/python-pillow/Pillow/pull/4505;;
29;M;Out-of-bounds Read;https://snyk.io/vuln/SNYK-PYTHON-PILLOW-574576;pillow;[, 7.1.0);CVE-2020-10378;;https://github.com/python-pillow/Pillow/commit/6a83e4324738bb0452fbe8074a995b1c73f08de7#diff-9478f2787e3ae9668a15123b165c23ac;;;;https://github.com/python-pillow/Pillow/pull/4538;;
30;M;Information Exposure;https://snyk.io/vuln/SNYK-PYTHON-DJANGO-571013;django;[3.0.0, 3.0.7),[2.2.0, 2.2.13);CVE-2020-13254;;https://github.com/django/django/commit/07e59caa02831c4569bbebb9eb773bdd9cb4b206;;;;;;
31;M;Cross-site Scripting (XSS);https://snyk.io/vuln/SNYK-PYTHON-DJANGO-571014;django;[3.0.0, 3.0.7),[2.2.0, 2.2.13);CVE-2020-13596;;https://github.com/django/django/commit/6d61860b22875f358fac83d903dc629897934815;;;;;;
32;M;Access Restriction Bypass;https://snyk.io/vuln/SNYK-PYTHON-RSA-570831;rsa;[0,4.1);CVE-2020-13757;;https://github.com/sybrenstuvel/python-rsa/commit/93af6f2f89a9bf28361e67716c4240e691520f30;;;;;https://github.com/sybrenstuvel/python-rsa/issues/146;
33;M;Cross-site Scripting (XSS);https://snyk.io/vuln/SNYK-PYTHON-SCEPTRE-569070;sceptre;[,2.3.0);;;https://github.com/Sceptre/sceptre/commit/6d4124bdc9d4d5277c3f5cdc5eb7d6db9696b667;;;;;;
34;H;Arbitrary File Write via Archive Extraction (Zip Slip);https://snyk.io/vuln/SNYK-PYTHON-PLATFORMIO-568834;platformio;[,4.1.0);;;https://github.com/platformio/platformio-core/commit/798b12ce7b097fdcb5056d84054fe157aa12a9ff;;;;;https://github.com/platformio/platformio-core/issues/2995;
35;M;Access Restriction Bypass;https://snyk.io/vuln/SNYK-PYTHON-DJANGOHASHIDFIELD-568867;django-hashid-field;[,3.1.1);;;https://github.com/nshafer/django-hashid-field/commit/2a0be45333c5a700bbba0e15533ff8dce589e956;;;;;;
36;M;Improper Authentication;https://snyk.io/vuln/SNYK-PYTHON-KEYSTONE-568468;keystone;[0, 17.0.0);CVE-2020-12692;;https://github.com/openstack/keystone/commit/ab89ea749013e7f2c46260f68504f5687763e019;;;;;;
37;M;Out-of-bounds Read;https://snyk.io/vuln/SNYK-PYTHON-TENSORFLOW-568085;tensorflow;[,1.7.0);CVE-2018-21233;;https://github.com/tensorflow/tensorflow/commit/49f73c55d56edffebde4bca4a407ad69c1cae433;;;;;;
38;M;Cross-site Scripting (XSS);https://snyk.io/vuln/SNYK-PYTHON-SPHINX-570772;sphinx;[,3.0.4);CVE-2020-11022;;https://github.com/jquery/jquery/commit/1d61fd9407e6fbe82fe55cb0b938307aa0791f77;;;;;;
39;H;Command Injection;https://snyk.io/vuln/SNYK-PYTHON-MITMPROXY-565718;mitmproxy;[,5.0.0);;;https://github.com/mitmproxy/mitmproxy/commit/d027891cec67e190403fc4fa73f17d7a74f02720;;;;;;
40;M;Buffer Overflow;https://snyk.io/vuln/SNYK-PYTHON-CONFLUENTKAFKA-565716;confluent-kafka;[,1.4.0);;;https://github.com/edenhill/librdkafka/commit/8f7a4c858afc8ff24672426473448c3e0c56cfc3;;;;;;
41;L;Insufficient Entropy;https://snyk.io/vuln/SNYK-PYTHON-WERKZEUG-564340;werkzeug;[,0.3.1);;;https://github.com/pallets/werkzeug/commit/84eabcaa81f60d47939ac2d43f01d01eeab598a4;;;;;;
42;M;Command Injection;https://snyk.io/vuln/SNYK-PYTHON-CODECOV-564342;codecov;[,2.0.17);;;https://github.com/codecov/codecov-python/commit/f2c93c7893847e50639416c1bc2e38cb375825d8;;;;https://github.com/codecov/codecov-python/pull/234;;
43;H;Cross-site Scripting (XSS);https://snyk.io/vuln/SNYK-PYTHON-PYRAMID-564352;pyramid;[,1.1a1);;;https://github.com/Pylons/pyramid/commit/d0f62591ceb2f6ba6efe98ccf75703e7baee687e;;;;;https://github.com/Pylons/pyramid/issues/193;
44;M;Arbitrary Code Injection;https://snyk.io/vuln/SNYK-PYTHON-IMAGEIO-564348;imageio;[,2.6.0);;;https://github.com/imageio/imageio/commit/5b398716d518cd14e8b978ea3cd8ec6c0236c1d8;;;;;;
45;M;HTTP Header Injection;https://snyk.io/vuln/SNYK-PYTHON-TWISTED-564357;twisted;[,19.2.0);;;https://github.com/twisted/twisted/commit/63a707ed62ec95fe0285ac061721bd5de81d2e37;;;;https://github.com/twisted/twisted/pull/999;;
46;L;HTTP Response Splitting;https://snyk.io/vuln/SNYK-PYTHON-WAITRESS-564339;waitress;[,0.9.0b1);;;https://github.com/Pylons/waitress/commit/4deab9f23f9eb273971da247981aa85b7a16e946;;;;https://github.com/Pylons/waitress/pull/124;https://github.com/Pylons/waitress/issues/122;
47;M;Incorrect Default Permissions;https://snyk.io/vuln/SNYK-PYTHON-FLASKAPPBUILDER-565889;flask-appbuilder;[,2.2.3);;;https://github.com/dpgaspar/Flask-AppBuilder/commit/08942c100174a111af41ff90e5444253b83d6294;;;;https://github.com/dpgaspar/Flask-AppBuilder/pull/1259;;
48;H;Cross-Site Request Forgery (CSRF);https://snyk.io/vuln/SNYK-PYTHON-WEBARGS-564231;webargs;[6.0.0b1,6.0.0b4),[,5.5.3);CVE-2020-7965;;https://github.com/marshmallow-code/webargs/commit/74fada601a31b03dca0e4ae34c7d40246dcef598;;;;;;
49;M;Cross-site Scripting (XSS);https://snyk.io/vuln/SNYK-PYTHON-BLEACH-561119;bleach;[,3.1.2);CVE-2020-6816;;https://github.com/mozilla/bleach/commit/e4e9e21e7aebff40c88fafa4319bba4636a602d9;;;;;;
50;M;XML External Entity (XXE) Injection;https://snyk.io/vuln/SNYK-PYTHON-SVGLIB-560926;svglib;[0,0.9.4);CVE-2020-10799;;https://github.com/deeplook/svglib/commit/d6d08c4323a3656ee5ebe9a072a6e6237efde800;;;;;https://github.com/deeplook/svglib/issues/229;
51;M;Information Exposure;https://snyk.io/vuln/SNYK-PYTHON-ANSIBLE-560365;ansible;[2.7.0,2.7.17),[2.8.0,2.8.11),[2.9.0,2.9.7);CVE-2020-1736;;https://github.com/ansible/ansible/commit/dc79528cc6609ccef41a4e9708973b992851ab31;;;;;https://github.com/ansible/ansible/issues/67794;
52;H;Access Restriction Bypass;https://snyk.io/vuln/SNYK-PYTHON-WAGTAIL2FA-560315;wagtail-2fa;[,1.4.1);CVE-2020-5240;;https://github.com/labd/wagtail-2fa/commit/ac23550d33b7436e90e3beea904647907eba5b74;;;;;;
53;H;Arbitrary Code Execution;https://snyk.io/vuln/SNYK-PYTHON-PYYAML-559098;pyyaml;[0,5.3.1);CVE-2020-1747;;https://github.com/yaml/pyyaml/commit/5080ba513377b6355a0502104846ee804656f1e0;;;;https://github.com/yaml/pyyaml/pull/386;;
54;M;Cross-site Scripting (XSS);https://snyk.io/vuln/SNYK-PYTHON-BLEACH-552160;bleach;[,3.1.1);CVE-2020-6802;;https://github.com/mozilla/bleach/commit/996cde7a2439a2323f9c4b2567c8b8449d393351;;;;;;
55;M;Command Injection;https://snyk.io/vuln/SNYK-PYTHON-CODECOV-552149;codecov;[,2.0.16);CVE-2019-10800;;https://github.com/codecov/codecov-python/commit/2a80aa434f74feb31242b6f213b75ce63ae97902;;;;;;
56;H;Regular Expression Denial of Service (ReDoS);https://snyk.io/vuln/SNYK-PYTHON-WAITRESS-544148;waitress;[1.4.2,1.4.3);CVE-2020-5236;;https://github.com/Pylons/waitress/commit/6e46f9e3f014d64dd7d1e258eaf626e39870ee1f;;;;;;
57;H;Denial of Service (DoS);https://snyk.io/vuln/SNYK-PYTHON-TENSORFLOWGPU-543631;tensorflow-gpu;[1.12.0, 1.15.2),[2.0.0a0, 2.0.1);CVE-2020-5215;https://github.com/tensorflow/tensorflow/security/advisories/GHSA-977j-xj7q-2jr9;https://github.com/tensorflow/tensorflow/commit/5ac1b9e24ff6afc465756edf845d2e9660bd34bf;https://github.com/tensorflow/tensorflow/releases/tag/v1.15.2;;;;;
58;M;XML Signature Wrapping;https://snyk.io/vuln/SNYK-PYTHON-PYSAML2-543298;pysaml2;[,5.0.0);CVE-2020-5390;;https://github.com/IdentityPython/pysaml2/commit/5e9d5acbcd8ae45c4e736ac521fd2df5b1c62e25;;;;;;
59;H;HTTP Request Smuggling;https://snyk.io/vuln/SNYK-PYTHON-WAITRESS-543054;waitress;[,1.4.0);CVE-2019-16792;;https://github.com/Pylons/waitress/commit/575994cd42e83fd772a5f7ec98b2c56751bd3f65;;;;;;
60;H;Execution with Unnecessary Privileges;https://snyk.io/vuln/SNYK-PYTHON-PYINSTALLER-541867;pyinstaller;[,3.6);CVE-2019-16784;https://github.com/pyinstaller/pyinstaller/security/advisories/GHSA-7fcj-pq9j-wh2r;https://github.com/pyinstaller/pyinstaller/commit/42a67148b3bdf9211fda8499fdc5b63acdd7e6cc;;;;;;
61;H;Integer Overflow;https://snyk.io/vuln/SNYK-PYTHON-PILLOW-541326;pillow;[,6.2.2);CVE-2020-5310;;https://github.com/python-pillow/Pillow/commit/4e2def2539ec13e53a82e06c4b3daf00454100c4;;;;;;
62;H;Buffer Overflow;https://snyk.io/vuln/SNYK-PYTHON-PILLOW-541325;pillow;[,6.2.2);CVE-2020-5311;;https://github.com/python-pillow/Pillow/commit/a79b65c47c7dc6fe623aadf09aa6192fc54548f3;;;;;;
63;H;Buffer Overflow;https://snyk.io/vuln/SNYK-PYTHON-PILLOW-541324;pillow;[,6.2.2);CVE-2020-5312;;https://github.com/python-pillow/Pillow/commit/93b22b846e0269ee9594ff71a72bec02d2bea8fd;;;;;;
64;H;Buffer Overflow;https://snyk.io/vuln/SNYK-PYTHON-PILLOW-541323;pillow;[,6.2.2);CVE-2020-5313;;https://github.com/python-pillow/Pillow/commit/a09acd0decd8a87ccce939d5ff65dab59e7d365b;;;;;;
65;M;HTTP Request Smuggling;https://snyk.io/vuln/SNYK-PYTHON-GUNICORN-541164;gunicorn;[,19.10.0),[20.0.0,20.0.1);;;https://github.com/benoitc/gunicorn/commit/c5be1bae5c42b1e600be22d0655fc3ec4e4711cb;;;;https://github.com/benoitc/gunicorn/pull/2181;https://github.com/benoitc/gunicorn/issues/2176;
66;H;HTTP Request Smuggling;https://snyk.io/vuln/SNYK-PYTHON-WAITRESS-539932;waitress;[,1.4.2);CVE-2019-16789;;https://github.com/Pylons/waitress/commit/11d9e138125ad46e951027184b13242a3c1de017;;;;https://github.com/github/advisory-review/pull/14604;;
67;H;HTTP Request Smuggling;https://snyk.io/vuln/SNYK-PYTHON-WAITRESS-538573;waitress;[,1.4.0);CVE-2019-16785;;https://github.com/Pylons/waitress/commit/8eba394ad75deaf9e5cd15b78a3d16b12e6b0eba;;;;;;
68;H;HTTP Request Smuggling;https://snyk.io/vuln/SNYK-PYTHON-WAITRESS-538575;waitress;[,1.4.0);CVE-2019-16786;;https://github.com/Pylons/waitress/commit/f11093a6b3240fc26830b6111e826128af7771c3;;;;;;
69;L;Heap-based Buffer Overflow;https://snyk.io/vuln/SNYK-PYTHON-TENSORFLOW-537867;tensorflow;[,1.15);CVE-2019-16778;https://github.com/tensorflow/tensorflow/security/advisories/GHSA-844w-j86r-4x2j;https://github.com/tensorflow/tensorflow/commit/db4f9717c41bccc3ce10099ab61996b246099892;;;;;;
70;M;Privilege Escalation;https://snyk.io/vuln/SNYK-PYTHON-KEYSTONE-537036;keystone;[15.0.0, 17.0.0);CVE-2019-19687;;https://github.com/openstack/keystone/commit/17c337dbdbfb9d548ad531c2ad0483c9bce5b98f;;;;;;
71;H;Arbitrary Code Execution;https://snyk.io/vuln/SNYK-PYTHON-ANSIBLE-536473;ansible;[2.9.0,2.9.3),[2.8.0,2.8.8),[,2.7.16);CVE-2019-14905;;https://github.com/ansible/ansible/commit/88416b627caac5f0f4bff335d5387e0bcca938ca;;;;https://github.com/ansible/ansible/pull/65423;;
72;H;Arbitrary Code Injection;https://snyk.io/vuln/SNYK-PYTHON-ANSIBLE-536475;ansible;[0,2.9.4);CVE-2019-14904;;https://github.com/ansible/ansible/commit/7d2ae7e3226cdc8e37aea83c202aeb0e7e5a1aec;;;;;;
73;M;Privilege Escalation;https://snyk.io/vuln/SNYK-PYTHON-DJANGO-536439;django;[2.1,2.1.15),[2.2,2.2.8);CVE-2019-19118;;https://github.com/django/django/commit/11c5e0609bcc0db93809de2a08e0dc3d70b393e4;;;;;;
74;H;Improper Access Control;https://snyk.io/vuln/SNYK-PYTHON-WAGTAIL2FA-536385;wagtail-2fa;[,1.3.0);CVE-2019-16766;https://github.com/LabD/wagtail-2fa/security/advisories/GHSA-89px-ww3j-g2mm;https://github.com/labd/wagtail-2fa/commit/a6711b29711729005770ff481b22675b35ff5c81;;;;;;
75;M;Information Exposure;https://snyk.io/vuln/SNYK-PYTHON-ANSIBLE-535522;ansible;[2.8.0,2.8.4);CVE-2019-10217;;https://github.com/ansible/ansible/pull/59427/commits/642a3b4d3133d0cff3ea5b8300757045b2bda09d;;;;https://github.com/ansible/ansible/pull/59427;https://github.com/ansible/ansible/issues/56269;
76;M;Information Exposure;https://snyk.io/vuln/SNYK-PYTHON-ANSIBLE-535490;ansible;[,2.6.19),[2.7.0, 2.7.13),[2.8.0, 2.8.4);CVE-2019-10206;;https://github.com/ansible/ansible/commit/d728127310b4f3a40ce8b9df3affb88ffaeea073;;;;;;
77;M;Timing Attack;https://snyk.io/vuln/SNYK-PYTHON-ECDSA-511942;ecdsa;[,0.14);;;https://github.com/indutny/elliptic/commit/ec735edde187a43693197f6fa3667ceade751a3a;;;;https://github.com/AntonKueltz/fastecdsa/pull/60;https://github.com/AntonKueltz/fastecdsa/issues/40;
78;H;Double Free;https://snyk.io/vuln/SNYK-PYTHON-PSUTIL-483082;psutil;[0,5.6.7);CVE-2019-18874;;https://github.com/giampaolo/psutil/pull/1616/commits/29815d3a144a4f8a48f91e6d849ff4ba85f69cb1;;;;https://github.com/giampaolo/psutil/pull/1616;;
79;H;Denial of Service (DoS);https://snyk.io/vuln/SNYK-PYTHON-THRIFT-474615;thrift;[,0.13.0);CVE-2019-0205;;https://github.com/apache/thrift/commit/798e90aa8715ed0deff68ef4784926fe2be5c0ea;;;;;;
80;H;Double Free;https://snyk.io/vuln/SNYK-PYTHON-GDAL-473011;gdal;[,3.0.2);CVE-2019-17545;;https://github.com/OSGeo/gdal/commit/148115fcc40f1651a5d15fa34c9a8c528e7147bb;;;;;;
81;H;Open Redirect;https://snyk.io/vuln/SNYK-PYTHON-ELASTICAPM-467105;elastic-apm;[,5.1.0);CVE-2019-7617;;https://github.com/elastic/apm-agent-python/commit/47286d746e05897c6b3af8d465aa56ab1ed8d678;;;;https://github.com/elastic/apm-agent-python/pull/551;https://github.com/elastic/apm-agent-python/issues/458;
82;M;Arbitrary File Write via Archive Extraction (Zip Slip);https://snyk.io/vuln/SNYK-PYTHON-NLTK-460224;nltk;[,3.4.5);CVE-2019-14751;;https://github.com/nltk/nltk/commit/f59d7ed8df2e0e957f7f247fe218032abdbe9a10;;;;;;
83;H;Open Redirect;https://snyk.io/vuln/SNYK-PYTHON-HTTPIE-460107;httpie;[,1.0.3);CVE-2019-10751;;https://github.com/jakubroztocil/httpie/commit/df36d6255df5793129b02ac82f1010171bd8a0a8;;;;;;
84;H;Insufficient Randomness;https://snyk.io/vuln/SNYK-PYTHON-WERKZEUG-458931;werkzeug;[,0.15.3);CVE-2019-14806;;https://github.com/pallets/werkzeug/commit/00bc43b1672e662e5e3b8cecd79e67fc968fa246;;;;;;
85;M;Information Exposure;https://snyk.io/vuln/SNYK-PYTHON-PYSPARK-570764;pyspark;[,2.3.3);CVE-2019-10099;;https://github.com/apache/spark/commit/09dd34cb1706f2477a89174d6a1a0f17ed5b0a65;;;;;;
86;H;Sandbox Bypass;https://snyk.io/vuln/SNYK-PYTHON-JINJA2-455616;jinja2;[2.5, 2.8.1);CVE-2016-10745;;https://github.com/pallets/jinja/commit/9b53045c34e61013dc8f09b7e52a555fa16bed16;;;;;;
87;H;Authentication Bypass;https://snyk.io/vuln/SNYK-PYTHON-PARAMIKO-455391;paramiko;[1.5.1, 2.0.9);CVE-2018-1000805;;https://github.com/paramiko/paramiko/commit/56c96a659658acdbb873aef8809a7b508434dcce;;;;;https://github.com/paramiko/paramiko/issues/1283;
88;H;Buffer Overflow;https://snyk.io/vuln/SNYK-PYTHON-TENSORFLOW-451681;tensorflow;[1.1.0, 1.7.1);CVE-2018-10055;;https://github.com/tensorflow/tensorflow/commit/c89ab82a82585cdaa90bf4911980e9e845909e78;;;;;;
89;H;Authentication Bypass;https://snyk.io/vuln/SNYK-PYTHON-THRIFT-564126;thrift;[,0.10.0);CVE-2018-1320;;https://github.com/apache/thrift/commit/d973409661f820d80d72c0034d06a12348c8705e;;;;;;
90;H;Buffer Overflow;https://snyk.io/vuln/SNYK-PYTHON-TENSORFLOW-451670;tensorflow;[1.0.0, 1.7.1);CVE-2018-7575;https://github.com/tensorflow/tensorflow/blob/master/tensorflow/security/advisory/tfsa-2018-004.md;https://github.com/tensorflow/tensorflow/commit/2006ef57602012939dc10d7e8961925b320d3ef6;;;;;;
91;M;Denial of Service (DoS);https://snyk.io/vuln/SNYK-PYTHON-TENSORFLOW-451669;tensorflow;[,1.6.0);CVE-2018-7576;https://github.com/tensorflow/tensorflow/blob/master/tensorflow/security/advisory/tfsa-2018-002.md;https://github.com/tensorflow/tensorflow/commit/c48431588e7cf8aff61d4c299231e3e925144df8;;;;;;
92;H;Denial of Service (DoS);https://snyk.io/vuln/SNYK-PYTHON-SCAPY-451666;scapy;[,2.4.1);CVE-2019-1010142;;https://github.com/secdev/scapy/pull/1409/commits/0d7ae2b039f650a40e511d09eb961c782da025d9;;;;https://github.com/secdev/scapy/pull/1409/files#diff-441eff981e466959968111fc6314fe93L1058;;
93;M;Information Exposure;https://snyk.io/vuln/SNYK-PYTHON-APACHEAIRFLOW-451565;apache-airflow;[,1.10.5);;;https://github.com/apache/airflow/pull/5635/commits/89f015e6c89392b6de61dab8ab90182e6ee42b74;;;;https://github.com/apache/airflow/pull/5635;;
94;H;Arbitrary Code Execution;https://snyk.io/vuln/SNYK-PYTHON-ANSIBLE-451465;ansible;[,1.6.6);CVE-2014-3498;;https://github.com/ansible/ansible/commit/8ed6350e65c82292a631f08845dfaacffe7f07f5;;;;;;
95;H;Man-in-the-Middle (MitM);https://snyk.io/vuln/SNYK-PYTHON-DJANGO-451300;django;[1.11.0,1.11.22),[2.1.0,2.1.10),[2.2.0,2.2.3);CVE-2019-12781;;https://github.com/django/django/commit/54d0f5e62f54c29a12dd96f44bacd810cbe03ac8;;;;;;
96;H;Directory Traversal;https://snyk.io/vuln/SNYK-PYTHON-CHERRYPY-449897;cherrypy;[ ,2.2.1);CVE-2006-0847;;https://github.com/cherrypy/cherrypy/commit/7e6187ee19a90ebe7f8597296bfa942cd1eb1864;;;;;;
97;H;Improper Input Validation;https://snyk.io/vuln/SNYK-PYTHON-TWISTED-449615;twisted;[ ,19.2.1);CVE-2019-12387;;https://github.com/twisted/twisted/commit/6c61fc4503ae39ab8ecee52d10f10ee2c371d7e2;;;;;;
98;L;Cross-site Scripting (XSS);https://snyk.io/vuln/SNYK-PYTHON-DJANGO-174885;django;[1.11.0,1.11.21),[2.1.0,2.1.9),[2.2.0, 2.2.2);CVE-2019-12308;;https://github.com/django/django/commit/afddabf8428ddc89a332f7a78d0d21eaf2b5a673;;;;;;
99;H;XML External Entity (XXE) Injection;https://snyk.io/vuln/SNYK-PYTHON-SCRAPY-174817;scrapy;[,0.24.0);;;https://github.com/scrapy/scrapy/pull/676/commits/43217fd698135b4795d191f8a935f3ba0b869c54;;;;https://github.com/scrapy/scrapy/pull/676;;
100;M;Denial of Service (DoS);https://snyk.io/vuln/SNYK-PYTHON-SCAPY-174816;scapy;[,2.4.1);;;https://github.com/secdev/scapy/commit/905c80d6ed435477224c53de8850f763b04d495d;;;;;;
101;M;Access Restriction Bypass;https://snyk.io/vuln/SNYK-PYTHON-DJOSER-174565;djoser;[,1.5.1);;;https://github.com/sunscrapers/djoser/commit/fcd20f302fd1d5d37319b42094ad070f17ed36cc;;;;;https://github.com/sunscrapers/djoser/issues/366;
102;M;Cryptographic Issue;https://snyk.io/vuln/SNYK-PYTHON-DJANGOCA-174566;django-ca;[,1.10.0);;;https://github.com/mathiasertl/django-ca/commit/188ec93057b1eebf0bc02056006eabd052f3aad5;;;;;;
103;H;Buffer Overflow;https://snyk.io/vuln/SNYK-PYTHON-TENSORFLOW-451636;tensorflow;[1.5.0, 1.7.1);CVE-2018-8825;;https://github.com/tensorflow/tensorflow/commit/41335abb46f80ca644b5738550daef6136ba5476;;;;;;
104;H;CRLF injection;https://snyk.io/vuln/SNYK-PYTHON-URLLIB3-174323;urllib3;[,1.24.3);CVE-2019-11236;;https://github.com/urllib3/urllib3/commit/5d523706c7b03f947dc50a7e783758a2bfff0532;;;;https://github.com/urllib3/urllib3/pull/1487;https://github.com/urllib3/urllib3/issues/1553;
105;H;Man-in-the-Middle (MitM);https://snyk.io/vuln/SNYK-PYTHON-SPLUNKSDK-174097;splunk-sdk;[,1.6.6);CVE-2019-5729;;https://github.com/splunk/splunk-sdk-python/commit/35ca7747b5eb327723a42053f57ea960c15892ce;;;;https://github.com/splunk/splunk-sdk-python/pull/233;;
106;L;Insecure Defaults;https://snyk.io/vuln/SNYK-PYTHON-ANSIBLERUNNER-174098;ansible-runner;[,1.3.1);;;https://github.com/ansible/ansible-runner/commit/dd2e549c6aadca4fb4f2cde11f1d4dca4b98964f;;;;;;
107;M;Cross-site Scripting (XSS);https://snyk.io/vuln/SNYK-PYTHON-NOTEBOOK-174029;notebook;[,5.7.7);CVE-2019-10255;;https://github.com/jupyter/notebook/commit/08c4c898182edbe97aadef1815cce50448f975cb;;;;;;
108;M;CRLF Injection;https://snyk.io/vuln/SNYK-PYTHON-PYPISERVER-173983;pypiserver;[,1.2.6);;;https://github.com/pypiserver/pypiserver/commit/1375a67c55a9b8d4619df30d2a1c0b239d7357e6;;;;;https://github.com/pypiserver/pypiserver/issues/237;
109;M;Cross-site Inclusion;https://snyk.io/vuln/SNYK-PYTHON-NOTEBOOK-173774;notebook;[,5.7.6);CVE-2019-9644;;https://github.com/jupyter/notebook/commit/bfaa61385729ed4fb453863053f9a79141f01119;;;;;;
110;M;Uncontrolled Memory Consumption;https://snyk.io/vuln/SNYK-PYTHON-DJANGO-173679;django;[1.11.0,1.11.19),[2.0.0,2.0.11),[2.1.0,2.1.6);CVE-2019-6975;;https://github.com/django/django/commit/40cd19055773705301c3428ed5e08a036d2091f3;;;;;;
111;H;Arbitrary Code Injection;https://snyk.io/vuln/SNYK-PYTHON-AIOXMPP-73648;aioxmpp;[,0.10.3);CVE-2019-1000007;;https://github.com/horazont/aioxmpp/commit/29ff0838a40f58efe30a4bbcea95aa8dab7da475;;;;https://github.com/horazont/aioxmpp/pull/268;;
112;M;Denial of Service (DoS);https://snyk.io/vuln/SNYK-PYTHON-COLANDER-73636;colander;[,1.7.0);CVE-2017-18361;;https://github.com/Pylons/colander/commit/98805557c10ab5ff3016ed09aa2d48c49b9df40b;;;;https://github.com/Pylons/colander/pull/323;https://github.com/Pylons/colander/issues/290;
113;H;Improper Input Validation;https://snyk.io/vuln/SNYK-PYTHON-PYTHONGNUPG-73633;python-gnupg;[,0.4.4);CVE-2019-6690;;https://github.com/vsajip/python-gnupg/commit/3003b654ca1c29b0510a54b9848571b3ad57df19#diff-88b99bb28683bd5b7e3a204826ead112;;;;;;
114;M;CRLF Injection;https://snyk.io/vuln/SNYK-PYTHON-PYPISERVER-73607;pypiserver;[,1.2.6);CVE-2019-6802;;https://github.com/pypiserver/pypiserver/commit/2caabfd5aa57ff03df5dd65f1b1823cf6639bdc8;;;;;https://github.com/pypiserver/pypiserver/issues/237;
115;H;Arbitrary Code Execution;https://snyk.io/vuln/SNYK-PYTHON-NUMPY-73513;numpy;[0,1.16.3);CVE-2019-6446;;https://github.com/numpy/numpy/commit/89b688732b37616c9d26623f81aaee1703c30ffb;;;;https://github.com/numpy/numpy/pull/13359;https://github.com/numpy/numpy/issues/12759;
116;M;Content Spoofing;https://snyk.io/vuln/SNYK-PYTHON-DJANGO-72888;django;[,1.11.18),[2.0.0, 2.0.10),[2.1.0, 2.1.5);CVE-2019-3498;;https://github.com/django/django/commit/1ecc0a395;;;;;;
117;H;Authentication Bypass;https://snyk.io/vuln/SNYK-PYTHON-DJOSER-72874;djoser;[,1.3.2);;;https://github.com/sunscrapers/djoser/commit/73b84926d9566df12d48245b06c5d5c986bbb272;;;;;https://github.com/sunscrapers/djoser/issues/303;
118;M;Denial of Service (DoS);https://snyk.io/vuln/SNYK-PYTHON-MSGPACK-72872;msgpack;[,0.6.0);;;https://github.com/msgpack/msgpack-python/commit/3b80233592674d18c8db7a62fa56504a5a285296;;;;https://github.com/msgpack/msgpack-python/pull/319;;
119;H;Denial of Service (DoS);https://snyk.io/vuln/SNYK-PYTHON-PYKMIP-72725;pykmip;[,0.8.0);CVE-2018-1000872;;https://github.com/OpenKMIP/PyKMIP/commit/06c960236bcaf6717fc5cf66cf8b5179804c5a05;;;;;https://github.com/OpenKMIP/PyKMIP/issues/430;
120;M;Cross-site Request Forgery (CSRF);https://snyk.io/vuln/SNYK-PYTHON-LUIGI-72726;luigi;[2.3.3,2.8.0);CVE-2018-1000843;;https://github.com/spotify/luigi/commit/06e3d9163c36f347cef09d9442aff55a10660f31;;;;;;
121;M;Insufficient Session Expiration;https://snyk.io/vuln/SNYK-PYTHON-AIOHTTPSESSION-72728;aiohttp-session;[,2.7.0);CVE-2018-1000814;;https://github.com/aio-libs/aiohttp-session/commit/1b356f01bbab57d041c9a75bacd72fbbf8524728;;;;https://github.com/aio-libs/aiohttp-session/pull/331;https://github.com/aio-libs/aiohttp-session/issues/325;
122;L;Information Exposure;https://snyk.io/vuln/SNYK-PYTHON-ANSIBLE-72696;ansible;[,2.5.14),[2.6.0, 2.6.11),[2.7.0, 2.7.5);CVE-2018-16876;;https://github.com/ansible/ansible/pull/49569/commits/4c6d714aefb05366cb329e139214c89ebb364899;;;;https://github.com/ansible/ansible/pull/49569;;
123;M;Information Exposure;https://snyk.io/vuln/SNYK-PYTHON-ANSIBLE-72650;ansible;[,2.5.13),[2.6.0, 2.6.10),[2.7.0, 2.7.4),[2.7.5,2.8.1);CVE-2018-16859;;https://github.com/ansible/ansible/commit/8c1f701e6e9df29fe991f98265e2dd76acca4b8c;;;;https://github.com/ansible/ansible/pull/49142;;
124;M;Cross-site Scripting (XSS);https://snyk.io/vuln/SNYK-PYTHON-LXML-72651;lxml;[,4.2.5);CVE-2018-19787;;https://github.com/lxml/lxml/commit/6be1d081b49c97cfd7b3fbd934a193b668629109;;;;;;
125;M;Cross-site Scripting (XSS);https://snyk.io/vuln/SNYK-PYTHON-NOTEBOOK-72620;notebook;[,5.7.2);CVE-2018-19352;;https://github.com/jupyter/notebook/commit/288b73e1edbf527740e273fcc69b889460871648;;;;;;
126;M;Cross-site Scripting (XSS);https://snyk.io/vuln/SNYK-PYTHON-NOTEBOOK-72621;notebook;[,5.7.1);CVE-2018-19351;;https://github.com/jupyter/notebook/commit/107a89fce5f413fb5728c1c5d2c7788e1fb17491;;;;;;
127;M;Information Exposure;https://snyk.io/vuln/SNYK-PYTHON-DJANGO-72562;django;[2.1.0, 2.1.2);CVE-2018-16984;;https://github.com/django/django/commit/f5335bc745d4f86d355b69549712885fd1634574;;;;https://github.com/django/django/pull/10449;;
128;M;Information Exposure;https://snyk.io/vuln/SNYK-PYTHON-MARSHMALLOW-72559;marshmallow;[,2.15.1),[3.0.0a1,3.0.0b9);CVE-2018-17175;;https://github.com/marshmallow-code/marshmallow/commit/98f2b4759c9a7c7ac5e790727d47f2b328520713;;;;;https://github.com/marshmallow-code/marshmallow/issues/772;
129;H;Information Exposure;https://snyk.io/vuln/SNYK-PYTHON-ANSIBLE-72546;ansible;[,2.7.1);CVE-2018-16837;;https://github.com/ansible/ansible/commit/a0aa53d1a1d6075a7ae98ace138712ee6cb45ae4;;;;https://github.com/ansible/ansible/pull/47436;;
130;M;Denial of Service (DoS);https://snyk.io/vuln/SNYK-PYTHON-CHANNELS-73623;channels;[,2.1.7);;;https://github.com/django/channels/commit/a1ecd5ee72a538f19bdd9e8f6bb91bb8aabba5d9;;;;;https://github.com/django/channels/issues/1170;
131;H;Information Exposure;https://snyk.io/vuln/SNYK-PYTHON-REQUESTS-72435;requests;[,2.20);CVE-2018-18074;;https://github.com/requests/requests/commit/c45d7c49ea75133e52ab22a8e9e13173938e36ff;;;;https://github.com/requests/requests/pull/4718;https://github.com/requests/requests/issues/4716;
132;M;Insecure Defaults;https://snyk.io/vuln/SNYK-PYTHON-DJANGOSTORAGES-72415;django-storages;[,1.7);;;https://github.com/jschneier/django-storages/commit/6ee6a739752923c60eaa1e82262c1d07208ec7f6;;;;;;
133;M;Cross-site Scripting (XSS);https://snyk.io/vuln/SNYK-PYTHON-FLASKADMIN-72414;flask-admin;[,1.5.3);CVE-2018-16516;;https://github.com/flask-admin/flask-admin/pull/1699/commits/75e51ebca2c4ef236854cfe88a237177813d39c1;;;;https://github.com/flask-admin/flask-admin/pull/1699;;
134;H;Information Exposure;https://snyk.io/vuln/SNYK-PYTHON-DJANGOREGISTRATION-72413;django-registration;[,1.7);;;https://github.com/macropin/django-registration/commit/3a2e0182ff92cc8ce39a932e463cbac37e485afa;;;;https://github.com/macropin/django-registration/pull/268;;
135;M;Arbitrary Code Injection;https://snyk.io/vuln/SNYK-PYTHON-DJANGOCA-72284;django-ca;[,1.9.0);;;https://github.com/mathiasertl/django-ca/commit/d19009faecbad3f8a95f8a66a8fe3cfce14d14ce;;;;;;
136;M;Cross-site Scripting (XSS);https://snyk.io/vuln/SNYK-PYTHON-FLASKADMIN-72276;flask-admin;[,1.5.2);;;https://github.com/flask-admin/flask-admin/commit/0dc5a48fd0a4fdd28172e0bc508373ddb58fc50b;https://github.com/flask-admin/flask-admin/releases/tag/v1.5.2;;;;;
137;H;Arbitrary File Overwrite;https://snyk.io/vuln/SNYK-PYTHON-PYRO-72279;pyro;[,3.15);CVE-2011-2765;;https://github.com/irmen/Pyro3/commit/554e095a62c4412c91f981e72fd34a936ac2bf1e;;;;;;https://nvd.nist.gov/vuln/detail/CVE-2011-2765
138;H;Denial of Service (DoS);https://snyk.io/vuln/SNYK-PYTHON-WEBSOCKETS-42181;websockets;[,5.0);CVE-2018-1000518;;https://github.com/aaugustin/websockets/commit/b6a25ceb3555d0ba69e5961b8d7616e4c1aecb2b;;;;https://github.com/aaugustin/websockets/pull/407;;
139;M;Cross-site Scripting (XSS);https://snyk.io/vuln/SNYK-PYTHON-LUIGI-42176;luigi;[,2.7.5);;;https://github.com/spotify/luigi/commit/695079822e6329614d16595c626f466c75446b70;;;;https://github.com/spotify/luigi/pull/2391;;
140;M;Man-in-the-Middle (MitM);https://snyk.io/vuln/SNYK-PYTHON-HOMEASSISTANT-42167;homeassistant;[0.56,0.73.2);;;https://github.com/home-assistant/home-assistant/commit/0f12b37977766647dcc34a0189b37c7379b5f665;https://github.com/home-assistant/home-assistant/releases;;;;;
141;H;Arbitrary Code Injection;https://snyk.io/vuln/SNYK-PYTHON-ANSIBLE-42165;ansible;[,2.3.1.0);CVE-2017-7481;;https://github.com/ansible/ansible/commit/ed56f51f185a1ffd7ea57130d260098686fcc7c2;;;;;;
142;H;Authentication Bypass;https://snyk.io/vuln/SNYK-PYTHON-CRYPTOGRAPHY-42164;cryptography;[1.9.0,2.3);CVE-2018-10903;;https://github.com/pyca/cryptography/pull/4342/commits/688e0f673bfbf43fa898994326c6877f00ab19ef;;;;;;
143;M;Session Fixation;https://snyk.io/vuln/SNYK-PYTHON-AIOHTTPSESSION-42161;aiohttp-session;[,2.4.0);CVE-2018-1000519;;https://github.com/aio-libs/aiohttp-session/commit/6b7864004d3442dbcfaf8687f63262c1c629f569;;;;https://github.com/aio-libs/aiohttp-session/pull/273;https://github.com/aio-libs/aiohttp-session/issues/272;
144;H;Arbitrary Code Execution;https://snyk.io/vuln/SNYK-PYTHON-PYYAML-42159;pyyaml;[,4.2b1);CVE-2017-18342;;https://github.com/yaml/pyyaml/commit/bbcf95fa051fdba9bbf879332e2f7999b195cf95;;;;https://github.com/yaml/pyyaml/pull/74;;
145;H;Information Exposure;https://snyk.io/vuln/SNYK-PYTHON-ANSIBLE-42156;ansible;[,2.5.5);CVE-2018-10855;;https://github.com/ansible/ansible/pull/41414/files;;;;;;
146;H;Credential Exposure;https://snyk.io/vuln/SNYK-PYTHON-SALT-42127;salt;[,2016.11.4);CVE-2017-8109;;https://github.com/saltstack/salt/pull/40609/commits/6e34c2b5e5e849302af7ccd00509929c3809c658;;;;https://github.com/saltstack/salt/pull/40609;https://github.com/saltstack/salt/issues/40075;https://nvd.nist.gov/vuln/detail/CVE-2017-8109
147;M;Weak Encryption;https://snyk.io/vuln/SNYK-PYTHON-PYSAML2-42108;pysaml2;[,4.6.0);CVE-2017-1000246;;https://github.com/IdentityPython/pysaml2/commit/79d679883f0b198511ea5eeaaf53f1f625e8d938;https://github.com/IdentityPython/pysaml2/releases/tag/v4.6.0;;;;https://github.com/IdentityPython/pysaml2/issues/417;
148;M;Improper Validation of Integrity Check;https://snyk.io/vuln/SNYK-PYTHON-TLSLITENG-42096;tlslite-ng;[,0.8.0-alpha3);CVE-2018-1000159;;https://github.com/tomato42/tlslite-ng/commit/ec5c61fae8b8eee0f62717091775f68d8161ca34;;;;https://github.com/tomato42/tlslite-ng/pull/234;;https://nvd.nist.gov/vuln/detail/CVE-2018-1000159
149;H;HTTP Response Splitting;https://snyk.io/vuln/SNYK-PYTHON-GUNICORN-42097;gunicorn;[,19.5.0);CVE-2018-1000164;;https://github.com/fofanov/gunicorn/commit/6c3d8f9c205f541a6ae0a1d5eba32b1cfca252ee;;;;;https://github.com/benoitc/gunicorn/issues/1227;https://nvd.nist.gov/vuln/detail/CVE-2018-1000164
150;H;Authentication Bypass;https://snyk.io/vuln/SNYK-PYTHON-PARAMIKO-42086;paramiko;[,1.17.6),[1.18.0, 1.18.5),[2.0.0, 2.0.8),[2.1.0, 2.1.5),[2.2.0, 2.2.3),[2.3.0,2.3.2),[2.4.0, 2.4.1);CVE-2018-7750;;https://github.com/paramiko/paramiko/commit/fa29bd8446c8eab237f5187d28787727b4610516;;;;;https://github.com/paramiko/paramiko/issues/1175;
151;H;Arbitrary Code Injection;https://snyk.io/vuln/SNYK-PYTHON-EVE-42079;eve;[,0.7.5);CVE-2018-8097;;https://github.com/pyeve/eve/commit/f8f7019ffdf9b4e05faf95e1f04e204aa4c91f98;;;;;https://github.com/pyeve/eve/issues/1101;
152;H;Information Exposure;https://snyk.io/vuln/SNYK-PYTHON-DJANGOANYMAIL-42078;django-anymail;[,1.4);CVE-2018-1000089;;https://github.com/anymail/django-anymail/commit/1a6086f2b58478d71f89bf27eb034ed81aefe5ef;https://github.com/anymail/django-anymail/releases/tag/v1.4;;;;;https://nvd.nist.gov/vuln/detail/CVE-2018-1000089
153;M;Insecure use of /tmp folder;https://snyk.io/vuln/SNYK-PYTHON-SALT-42071;salt;[,2014.7.4);CVE-2015-1839;;https://github.com/saltstack/salt/commit/22d2f7a1ec93300c34e8c42d14ec39d51e610b5c;;;;;;https://nvd.nist.gov/vuln/detail/CVE-2015-1839
154;L;Regular Expression Denial of Service (ReDoS);https://snyk.io/vuln/SNYK-PYTHON-DJANGOCACHEOPS-40772;django-cacheops;[,4.0.6);;;https://github.com/Suor/django-cacheops/commit/adba2dc9908c50157d417fd7564669c11ed23b2a;;;;;;
155;M;Symlink Attack;https://snyk.io/vuln/SNYK-PYTHON-NUMPY-42067;numpy;[,1.8.2);CVE-2014-1859;;https://github.com/numpy/numpy/commit/0bb46c1448b0d3f5453d5182a17ea7ac5854ee15;;;;https://github.com/numpy/numpy/pull/4262;;https://nvd.nist.gov/vuln/detail/CVE-2014-1859
156;L;Cryptographic Issues;https://snyk.io/vuln/SNYK-PYTHON-PEEWEE-567791;peewee;[,2.10.0);;;https://github.com/coleifer/peewee/commit/6aee106831eed8c214086a20b26f72f2abff8db5;;;;;;
157;H;Timing Attack;https://snyk.io/vuln/SNYK-PYTHON-DJANGOANYMAIL-42050;django-anymail;[,1.2.1);CVE-2018-6596;;https://github.com/anymail/django-anymail/commit/c07998304b4a31df4c61deddcb03d3607a04691b;;;;;;https://nvd.nist.gov/vuln/detail/CVE-2018-6596
158;M;Cross-site Scripting (XSS);https://snyk.io/vuln/SNYK-PYTHON-MARKDOWN2-40770;markdown2;[,2.3.7);CVE-2018-5773;;https://github.com/trentm/python-markdown2/commit/1b1dcdd727c0ef03453b9f5ef5ae3679f1d72323;;;;https://github.com/trentm/python-markdown2/pull/315;https://github.com/trentm/python-markdown2/issues/285;
159;M;Insecure Encryption;https://snyk.io/vuln/SNYK-PYTHON-OIC-40768;oic;[,0.11.0.0);;;https://github.com/OpenIDC/pyoidc/commit/64665112587ef43a57cb09442dd5dd3d175f583e;;;;https://github.com/OpenIDC/pyoidc/pull/354;https://github.com/OpenIDC/pyoidc/issues/349;
160;M;Cross-site Scripting (XSS);https://snyk.io/vuln/SNYK-PYTHON-MISTUNE-40765;mistune;[,0.8.1);CVE-2017-16876;;https://github.com/lepture/mistune/commit/5f06d724bc05580e7f203db2d4a4905fc1127f98;;;;;;
161;M;Cross-site Scripting (XSS);https://snyk.io/vuln/SNYK-PYTHON-PYRAMID-40730;pyramid;[,1.6a2);;;https://github.com/Pylons/pyramid/commit/67efda77a878450c217b90370e1a47e2d35d772a;;;;;;
162;M;Arbitrary Code Execution;https://snyk.io/vuln/SNYK-PYTHON-IPYTHON-40724;ipython;[,3.2.2);https://nvd.nist.gov/vuln/detail/CVE-2015-7337;;https://github.com/ipython/ipython/commit/0a8096adf165e2465550bd5893d7e352544e5967;;;;;;https://nvd.nist.gov/vuln/detail/CVE-2015-7337
163;M;Timing Attack;https://snyk.io/vuln/SNYK-PYTHON-DJANGOHAYSTACK-40757;django-haystack;[,1.1);;;https://github.com/django-haystack/django-haystack/commit/1b1b986890b5cb330b0b8a963b090e9b831c198c;;;;;;
164;H;Directory Traversal;https://snyk.io/vuln/SNYK-PYTHON-SANIC-40704;sanic;[,0.5.1);CVE-2017-16762;;https://github.com/channelcat/sanic/commit/18829e648a26d947b7e441a9d7d012a24b0adf48;;;;https://github.com/channelcat/sanic/pull/635;https://github.com/channelcat/sanic/issues/633;https://nvd.nist.gov/vuln/detail/CVE-2017-16762
165;H;Server-Side Request Forgery (SSRF);https://snyk.io/vuln/SNYK-PYTHON-RECURLY-42038;recurly;[,2.0.6),[2.1,2.1.16),[2.2,2.2.22),[2.3,2.3.1),[2.4,2.4.5),[2.5,2.5.1),[2.6,2.6.2);CVE-2017-0906;;https://github.com/recurly/recurly-client-python/commit/049c74699ce93cf126feff06d632ea63fba36742;;;;;;
166;L;Arbitrary File Download;https://snyk.io/vuln/SNYK-PYTHON-FLASK-40002;flask;[,0.6.1);;;https://github.com/pallets/flask/commit/aeed530e3221c1b445c13269dcd2fb67548bcefc;;;;;;
167;M;Cross-site Scripting (XSS);https://snyk.io/vuln/SNYK-PYTHON-RSANIC-40627;rsanic;[,0.2.2);;;https://github.com/reformo/rsanic/commit/6791cb09c322e1ff6e7b471a3bd2219a44e25801;;;;;;
168;H;Arbitrary Code Execution;https://snyk.io/vuln/SNYK-PYTHON-PYCRYPTO-40249;pycrypto;[,2.7a1];CVE-2013-7459;;https://github.com/dlitz/pycrypto/commit/8dbe0dc3eea5c689d4f76b37b93fe216cf1f00d4;;;;;https://github.com/dlitz/pycrypto/issues/176;https://web.nvd.nist.gov/view/vuln/detail?vulnId=CVE-2013-7459
169;M;Information Exposure;https://snyk.io/vuln/SNYK-PYTHON-PYTHONKEYSTONECLIENT-40009;python-keystoneclient;[,0.2.4);CVE-2013-2013;;https://github.com/openstack/python-keystoneclient/commit/f2e0818b;;;;;;
170;M;Arbitrary Code Execution;https://snyk.io/vuln/SNYK-PYTHON-APACHEAIRFLOW-73586;apache-airflow;[,1.9.0);CVE-2017-15720;;https://github.com/apache/incubator-airflow/commit/04cacdd0a7526927137b452f38c3e894a5d2ce4a;;;;https://github.com/apache/incubator-airflow/pull/2184;;
171;M;Denial of Service (DoS);https://snyk.io/vuln/SNYK-PYTHON-SENTRY-40621;sentry;[8.11,8.15.0);;;https://github.com/getsentry/sentry/commit/460f0f7f1a910ccefce3c9ad11a9cc8f1214aeb1;;;;https://github.com/getsentry/sentry/pull/5166;;
172;M;Cross-site Scripting (XSS);https://snyk.io/vuln/SNYK-PYTHON-APACHEAIRFLOW-73591;apache-airflow;[1.6.0, 1.9.0);;;https://github.com/apache/incubator-airflow/commit/fe9ebe3ccf5fec4c491343659aa0c52e4125f66b;;;;https://github.com/apache/incubator-airflow/pull/2193;;
173;M;Improper Certificate Validation;https://snyk.io/vuln/SNYK-PYTHON-CERTIFI-40618;certifi;[,2017.04.17);;;https://github.com/certifi/python-certifi/commit/4f35e3529c78ced74040cf5d80bf8ec4aac9a190;;;;;;
174;L;Information Exposure;https://snyk.io/vuln/SNYK-PYTHON-BOTO3-40617;boto3;[,1.4.5);;;https://github.com/boto/boto3/commit/5a4396a4e0d1b337c081cb4095e5255da915198e;;;;;https://github.com/boto/boto3/issues/1017;
175;M;Cross-site Request Forgery (CSRF);https://snyk.io/vuln/SNYK-PYTHON-APACHEAIRFLOW-73592;apache-airflow;[,1.9.0);CVE-2017-17835;;https://github.com/apache/incubator-airflow/commit/673026c740411cc6447aede8c6a816460fe03a59;;;;https://github.com/apache/incubator-airflow/pull/2054;;
176;H;Arbitrary Code Execution;https://snyk.io/vuln/SNYK-PYTHON-TQDM-40369;tqdm;[,4.11.2);CVE-2016-10075;;https://github.com/tqdm/tqdm/commit/7996430e92ca0babec510fcf18d62c9f9c4e6b4d;;;;https://github.com/tqdm/tqdm/pull/330;https://github.com/tqdm/tqdm/issues/328;https://web.nvd.nist.gov/view/vuln/detail?vulnId=CVE-2016-10075
177;M;Cross-site Scripting (XSS);https://snyk.io/vuln/SNYK-PYTHON-FLOWER-40603;flower;[,0.9.2);;;https://github.com/mher/flower/commit/ba454515ee13a2940e728dabfec25b136cce8a23;;;;https://github.com/mher/flower/pull/651;https://github.com/mher/flower/issues/650;
178;M;HTTP Response Splitting;https://snyk.io/vuln/SNYK-PYTHON-BOTTLE-40448;bottle;[0.10.1,0.12.11);CVE-2016-9964;;https://github.com/bottlepy/bottle/commit/6d7e13da0f998820800ecb3fe9ccee4189aefb54;;;;;https://github.com/bottlepy/bottle/issues/913;https://web.nvd.nist.gov/view/vuln/detail?vulnId=CVE-2016-9964
179;H;Use of a Risky Cryptographic Algorithm;https://snyk.io/vuln/SNYK-PYTHON-CRYPTOGRAPHY-40445;cryptography;[,1.5.2);CVE-2016-9243;;https://github.com/pyca/cryptography/commit/b924696b2e8731f39696584d12cceeb3aeb2d874;;;;https://github.com/pyca/cryptography/pull/3215;https://github.com/pyca/cryptography/issues/3211;https://web.nvd.nist.gov/view/vuln/detail?vulnId=CVE-2016-9243
180;L;Improper Certificate Validation;https://snyk.io/vuln/SNYK-PYTHON-URLLIB3-40441;urllib3;[1.17,1.18.1);CVE-2016-9015;;https://github.com/shazow/urllib3/commit/5e36a7096455ea94fb28b623d64e1f1bad97f822;;;;https://github.com/shazow/urllib3/pull/1010;;https://web.nvd.nist.gov/view/vuln/detail?vulnId=CVE-2016-9015
181;M;Cross-site Scripting (XSS);https://snyk.io/vuln/SNYK-PYTHON-WERKZEUG-40482;werkzeug;[,0.11.11);;;https://github.com/pallets/werkzeug/commit/1034edc7f901dd645ec6e462754111b39002bd65;;;;https://github.com/pallets/werkzeug/pull/1001;;
182;M;Information Exposure;https://snyk.io/vuln/SNYK-PYTHON-JWCRYPTO-40404;jwcrypto;[,0.3.2);CVE-2016-6298;;https://github.com/latchset/jwcrypto/commit/eb5be5bd94c8cae1d7f3ba9801377084d8e5a7ba;;;;https://github.com/latchset/jwcrypto/pull/66;https://github.com/latchset/jwcrypto/issues/65;https://web.nvd.nist.gov/view/vuln/detail?vulnId=CVE-2016-6298
183;M;Cross-site Scripting (XSS);https://snyk.io/vuln/SNYK-PYTHON-SENTRY-40549;sentry;[8,8.8.0);;;https://github.com/getsentry/sentry/commit/33d5aa268e4a6dee5c27daa4d6ebe32d384c4d7a;;;;https://github.com/getsentry/sentry/pull/3923;;
184;M;Cross-site Scripting (XSS);https://snyk.io/vuln/SNYK-PYTHON-SENTRY-40554;sentry;[8,8.7.0);;;https://github.com/getsentry/sentry/commit/82234e1f3f1d50d36aeb89c188f4e66cd66db8a1;;;;https://github.com/getsentry/sentry/pull/3797;;
185;H;XML External Entity (XXE) Injection;https://snyk.io/vuln/SNYK-PYTHON-CAIROSVG-40555;cairosvg;[,1.0.21);;;https://github.com/Kozea/CairoSVG/commit/212f6b9114a7bccf899c5fcd2baa42ea5391fa00;;;;;;
186;H;Arbitrary Code Execution;https://snyk.io/vuln/SNYK-PYTHON-ANSIBLE-40389;ansible;[1.9.5,1.9.6),[2,2.0.2.0);CVE-2016-3096;;https://github.com/ansible/ansible-modules-extras/pull/1941/commits/8c6fe646ee79f5e55361b885b7efed5bec72d4a4;;;;https://github.com/ansible/ansible-modules-extras/pull/1941;;https://web.nvd.nist.gov/view/vuln/detail?vulnId=CVE-2016-3096
187;M;Man-in-the-Middle (MitM);https://snyk.io/vuln/SNYK-PYTHON-PYTHONQPIDPROTON-40381;python-qpid-proton;[,0.12.1);CVE-2016-2166;;https://github.com/apache/qpid-proton/commit/a0585851e1e8ed9678496e38278f4a7554d03636;;;;;;https://web.nvd.nist.gov/view/vuln/detail?vulnId=CVE-2016-2166
188;L;Timing Attack;https://snyk.io/vuln/SNYK-PYTHON-DJANGO-40383;django;[,1.8.10),[1.9,1.9.3);CVE-2016-2513;;https://github.com/django/django/commit/67b46ba7016da2d259c1ecc7d666d11f5e1cfaab;;;;;;
189;H;Cross-site Scripting (XSS);https://snyk.io/vuln/SNYK-PYTHON-DJANGO-40382;django;[,1.8.10),[1.9,1.9.3);CVE-2016-2512;;https://github.com/django/django/commit/c5544d289233f501917e25970c03ed444abbd4f0;;;;;;
190;M;Denial of Service (DoS);https://snyk.io/vuln/SNYK-PYTHON-SENTRY-40562;sentry;[6.4.0,8.0.0rc2);;;https://github.com/getsentry/sentry/commit/0206ff097740b484360ce36295029c72dcceaad4;;;;https://github.com/getsentry/sentry/pull/2506;;
191;M;Information Exposure;https://snyk.io/vuln/SNYK-PYTHON-DJANGO-40359;django;[,1.7.11),[1.8,1.8.7);CVE-2015-8213;;https://github.com/django/django/commit/316bc3fc9437c5960c24baceb93c73f1939711e4;;;;;;
192;M;HTTP Response Splitting;https://snyk.io/vuln/SNYK-PYTHON-WAITRESS-40566;waitress;[,0.8.11b0);;;https://github.com/Pylons/waitress/commit/07e21576ef272a1bbd5410ef34f479e31ee68665;;;;https://github.com/Pylons/waitress/pull/121;https://github.com/Pylons/waitress/issues/117;
193;M;BSON Corruption;https://snyk.io/vuln/SNYK-PYTHON-BSON-40575;bson;[0.3.5,0.4.2);;;https://github.com/py-bson/bson/commit/430c1a72c2c3669ce46ba28b4a813a2b12d07f31;;;;https://github.com/py-bson/bson/pull/34;;
194;M;Insecure Randomness;https://snyk.io/vuln/SNYK-PYTHON-WEBSOCKETCLIENT-40498;websocket-client;[,0.33);;;https://github.com/websocket-client/websocket-client/commit/896e7c7317def65f7f8fb27a3eed807f2e1e5386;;;;https://github.com/websocket-client/websocket-client/pull/211;https://github.com/websocket-client/websocket-client/issues/210;
195;M;TLS Truncation Attack;https://snyk.io/vuln/SNYK-PYTHON-CRYPTOGRAPHY-40478;cryptography;[,1.1);;;https://github.com/pyca/cryptography/commit/41aabcbd2326ae154a16a1a050ee01fb9a54bd19;;;;https://github.com/pyca/cryptography/pull/2334;;
196;M;Cross-site Scripting (XSS);https://snyk.io/vuln/SNYK-PYTHON-FLASKADMIN-40592;flask-admin;[,1.3.0);;;https://github.com/flask-admin/flask-admin/commit/f447db0c78c03235d0dd6bdce0c5365fc6a7c321;;;;https://github.com/flask-admin/flask-admin/pull/1002;https://github.com/flask-admin/flask-admin/issues/1000;
197;M;Cross-site Scripting (XSS);https://snyk.io/vuln/SNYK-PYTHON-SENTRY-40546;sentry;[,7.7.0);;;https://github.com/getsentry/sentry/commit/364b959811561de83f29893e105cc590224edbee;;;;;;
198;M;Directory Traversal;https://snyk.io/vuln/SNYK-PYTHON-AIOHTTP-40582;aiohttp;[,0.16.3);;;https://github.com/aio-libs/aiohttp/commit/d9fdf551aaa388a738febe5ce697c0b07f597e94;;;;https://github.com/aio-libs/aiohttp/pull/383;https://github.com/aio-libs/aiohttp/issues/380;
199;M;Denial of Service (DoS);https://snyk.io/vuln/SNYK-PYTHON-COMET-40600;comet;[1.1.0,1.2.2);;;https://github.com/jdswinbank/Comet/commit/d25f5959c60b58645d2bf49cdf993294ab995991;;;;;;
200;M;Arbitrary Code Execution;https://snyk.io/vuln/SNYK-PYTHON-BOTO-40479;boto;[,2.39.0);;;https://github.com/boto/boto/commit/8b65a6c250d0548d9ffe6393842931f59f793c77;;;;https://github.com/boto/boto/pull/3097;;
201;M;Session Fixation;https://snyk.io/vuln/SNYK-PYTHON-REQUESTS-40316;requests;[2.1.0,2.6.0);CVE-2015-2296;;https://github.com/kennethreitz/requests/commit/3bd8afbff29e50b38f889b2f688785a669b9aafc;;;;;;
202;M;Cross-site Scripting (XSS);https://snyk.io/vuln/SNYK-PYTHON-SENTRY-40545;sentry;[,7.4.0);;;https://github.com/getsentry/sentry/commit/626acc195003cea0d830eada4a338b60ba7ea614;;;;;;
203;M;Open Redirection;https://snyk.io/vuln/SNYK-PYTHON-TWINE-40578;twine;[,1.6.0);;;https://github.com/pypa/twine/commit/29e85757559154e919c9fe0a7f5803a425628855;;;;https://github.com/pypa/twine/pull/94;https://github.com/pypa/twine/issues/92;
204;M;WSGI header spoofing;https://snyk.io/vuln/SNYK-PYTHON-WAITRESS-40552;waitress;[,1.0a1);CVE-2015-0219;;https://github.com/Pylons/waitress/commit/7f4e0f7b9c14aba74dd1da7a030072d79ca99b6b;;;;https://github.com/Pylons/waitress/pull/129;https://github.com/Pylons/waitress/issues/81;
205;L;Access Restriction Bypass;https://snyk.io/vuln/SNYK-PYTHON-TWISTED-40039;twisted;[,14.0.1);CVE-2014-7143;;https://github.com/twisted/twisted/commit/3b5942252f5f3e45862a0e12b266ab29e243cc33;;;;;;
206;L;Information Exposure;https://snyk.io/vuln/SNYK-PYTHON-DJANGO-40262;django;[,1.4.14),[1.5,1.5.9),[1.6,1.6.6);CVE-2014-0483;;https://github.com/django/django/commit/2b31342cdf14fc20e07c43d258f1e7334ad664a6;;;;;;
207;M;Authentication Bypass;https://snyk.io/vuln/SNYK-PYTHON-REQUESTSKERBEROS-40296;requests-kerberos;[0.2,0.6);CVE-2014-8650;;https://github.com/requests/requests-kerberos/commit/208bebb7008796a07be0204d9b5beaa55d2373ae;;;;https://github.com/requests/requests-kerberos/pull/36;https://github.com/requests/requests-kerberos/issues/35;
208;M;Cross-site Scripting (XSS);https://snyk.io/vuln/SNYK-PYTHON-SENTRY-40560;sentry;[,7.0.0);;;https://github.com/getsentry/sentry/commit/b4c3fcfe225c64a2b0e8b72a87692c43b5e39164;;;;;;
209;H;Arbitrary Command Execution;https://snyk.io/vuln/SNYK-PYTHON-PILLOW-40037;pillow;[,2.5.0);CVE-2014-1932;;https://github.com/python-pillow/Pillow/commit/d8f55e3f50b0df2c850d15deedb46cb0e33a4cd8;;;;https://github.com/python-pillow/Pillow/pull/731;;
210;H;Arbitrary Code Execution;https://snyk.io/vuln/SNYK-PYTHON-ANSIBLE-40288;ansible;[,1.5.4);CVE-2014-4657;;https://github.com/ansible/ansible/commit/998793fd0ab55705d57527a38cee5e83f535974c;;;;;;https://web.nvd.nist.gov/view/vuln/detail?vulnId=CVE-2014-4657
211;M;Symlink Attack;https://snyk.io/vuln/SNYK-PYTHON-PILLOW-40034;pillow;[,2.3.1);CVE-2014-1932;;https://github.com/python-pillow/Pillow/commit/4e9f367dfd3f04c8f5d23f7f759ec12782e10ee7;;;;;;
212;M;Privilege Escalation;https://snyk.io/vuln/SNYK-PYTHON-JINJA2-40250;jinja2;[2.7.2];CVE-2014-1402;;https://github.com/mitsuhiko/jinja2/commit/acb672b6a179567632e032f547582f30fa2f4aa7;;;;;;https://web.nvd.nist.gov/view/vuln/detail?vulnId=CVE-2014-0012
213;M;Insecure use of temporary file;https://snyk.io/vuln/SNYK-PYTHON-RPLY-40029;rply;[,0.7.0);CVE-2014-1604;;https://github.com/alex/rply/commit/fc9bbcd25b0b4f09bbd6339f710ad24c129d5d7c;;;;;;
214;M;Insecure Defaults;https://snyk.io/vuln/SNYK-PYTHON-JINJA2-40028;jinja2;[,2.7.2);CVE-2014-1402;;https://github.com/mitsuhiko/jinja2/commit/acb672b6;;;;;;
215;M;Information Exposure;https://snyk.io/vuln/SNYK-PYTHON-REQUESTS-40031;requests;[,2.3.0);CVE-2014-1830;;https://github.com/kennethreitz/requests/commit/4d8cb3244e8e4f84b250c10a48e025f9a8bf6137;;;;;https://github.com/kennethreitz/requests/issues/1885#issuecomment-33793651;
216;M;Information Exposure;https://snyk.io/vuln/SNYK-PYTHON-REQUESTS-40030;requests;[,2.3.0);CVE-2014-1829;;https://github.com/kennethreitz/requests/commit/f1893c835570d72823c970fbd6e0e42c13b1f0f2;;;;;https://github.com/kennethreitz/requests/issues/1885;
217;M;Timing Attack;https://snyk.io/vuln/SNYK-PYTHON-RSA-40541;rsa;[3.0,3.4.0);;;https://github.com/sybrenstuvel/python-rsa/commit/2310b34bdb530e0bad793d42f589c9f848ff181b;;;;;https://github.com/sybrenstuvel/python-rsa/issues/19;
218;M;Privilege Escalation;https://snyk.io/vuln/SNYK-PYTHON-KEYSTONE-40020;keystone;[,2014.1);CVE-2013-4477;;https://github.com/openstack/keystone/commit/c6800c;;;;;;https://nvd.nist.gov/vuln/detail/CVE-2013-4477
219;L;Timing Attack;https://snyk.io/vuln/SNYK-PYTHON-AUTOBAHN-40501;autobahn;[,0.6.4);;;https://github.com/crossbario/autobahn-python/commit/b22cf13ad9d581a744eb90108ae9a9d19af08f88;;;;;;
220;H;Arbitrary Code Execution;https://snyk.io/vuln/SNYK-PYTHON-SENTRY-40544;sentry;[,6.1.1);;;https://github.com/getsentry/sentry/commit/5793c6cac19aeb7d2e19f9a09f4421b771af4306;;;;;;
221;M;Arbitrary Code Injection;https://snyk.io/vuln/SNYK-PYTHON-GRAPHITEWEB-40229;graphite-web;[0.9.5,0.9.11);CVE-2013-5093;;https://github.com/graphite-project/graphite-web/commit/4a9f98647be279a39a982bd94922fdec710b0b3f;;;;;;https://web.nvd.nist.gov/view/vuln/detail?vulnId=CVE-2013-5093
222;M;Authentication Bypass;https://snyk.io/vuln/SNYK-PYTHON-PYTHONKEYSTONECLIENT-40182;python-keystoneclient;[,0.2.4);CVE-2013-2104;;https://github.com/openstack/python-keystoneclient/commit/8fe7a822d3fd9f435bb4a73a838b380659196cf7;;;;;;https://web.nvd.nist.gov/view/vuln/detail?vulnId=CVE-2013-2104
223;M;Timing Attack;https://snyk.io/vuln/SNYK-PYTHON-TWILIO-40494;twilio;[3.0.0,3.5.0);;;https://github.com/twilio/twilio-python/commit/022ea4cb852da3ec7cbd6da9cf09b46fc4742f99;;;;https://github.com/twilio/twilio-python/pull/118;;
224;M;Cross-site Scripting (XSS);https://snyk.io/vuln/SNYK-PYTHON-BBCODE-40502;bbcode;[,1.0.18);;;https://github.com/dcwatson/bbcode/commit/e23f5ae9f9e42a9988a52b8b39815593c264f3ce;;;;;https://github.com/dcwatson/bbcode/issues/4;
225;M;Cross-site Scripting (XSS);https://snyk.io/vuln/SNYK-PYTHON-BBCODE-40500;bbcode;[,1.0.9);;;https://github.com/dcwatson/bbcode/commit/116cb2067003e6c6f679ed3a34e9e00a97a332cf;;;;;https://github.com/dcwatson/bbcode/issues/4;
226;M;Cross-site Scripting (XSS);https://snyk.io/vuln/SNYK-PYTHON-SENTRY-40559;sentry;[,5.4.4);;;https://github.com/getsentry/sentry/commit/beae68d620357a86a832adf5b2338c6ffde6a496;;;;;;
227;M;Cross-site Scripting (XSS);https://snyk.io/vuln/SNYK-PYTHON-SENTRY-40557;sentry;[,5.4.4);;;https://github.com/getsentry/sentry/commit/a110a98cdc3d06d3261b5bd0ee3daa75f563382c;;;;;;
228;H;Authentication Bypass;https://snyk.io/vuln/SNYK-PYTHON-RSA-40542;rsa;[3.0,3.4);;;https://github.com/sybrenstuvel/python-rsa/commit/1681a0b2f84a4a252c71b87de870a2816de06fdf;;;;;https://github.com/sybrenstuvel/python-rsa/issues/13;
229;M;Information Exposure;https://snyk.io/vuln/SNYK-PYTHON-BEAKER-40102;beaker;[0.5,1.6.4);CVE-2012-3458;;https://github.com/bbangert/beaker/commit/91becae76101cf87ce8cbfabe3af2622fc328fe5;;;;;;https://web.nvd.nist.gov/view/vuln/detail?vulnId=CVE-2012-3458
230;H;Cross-site Request Forgery (CSRF);https://snyk.io/vuln/SNYK-PYTHON-FACEBOOKSDK-40605;facebook-sdk;[0.3.0,0.3.2);;;https://github.com/mobolic/facebook-sdk/commit/3fc17fa91feacba3b2188dcd6033962dd7c89326;;;;https://github.com/mobolic/facebook-sdk/pull/39;;
231;M;Denial of Service (DoS);https://snyk.io/vuln/SNYK-PYTHON-REQUESTS-40480;requests;[,1.2.3];;;https://github.com/requests/requests/pull/547/commits/c3e6c41fc164d4348f8ce197bd0075aff05637af;;;;https://github.com/requests/requests/pull/547;https://github.com/requests/requests/issues/541;
232;M;Cross-site Scripting (XSS);https://snyk.io/vuln/SNYK-PYTHON-WERKZEUG-40487;werkzeug;[,0.8.3);;;https://github.com/pallets/werkzeug/commit/7b8d887d33c768a77f40dd15ff5ac6ebbbab25b9;;;;;;
233;H;Arbitrary Code Execution;https://snyk.io/vuln/SNYK-PYTHON-DJANGOTASTYPIE-40080;django-tastypie;[,0.9.10];CVE-2011-4104;;https://github.com/toastdriven/django-tastypie/commit/e8af315211b07c8f48f32a063233cc3f76dd5bc2;;;;;;https://web.nvd.nist.gov/view/vuln/detail?vulnId=CVE-2011-4104
234;M;Information Exposure;https://snyk.io/vuln/SNYK-PYTHON-DJANGO-40055;django;[,1.1.3),[1.2,1.2.4);CVE-2010-4534;;https://github.com/django/django/commit/732198ed5c;;;;;;
235;M;Denial of Service (DoS);https://snyk.io/vuln/SNYK-PYTHON-DJANGO-40056;django;[,1.1.3),[1.2,1.2.4);CVE-2010-4535;;https://github.com/django/django/commit/6819be1ea1;;;;;;
