Package name;Right URL;Useless;Old URL
python-dateutil;https://github.com/dateutil/dateutil;False;
docutils;https://github.com/docutils/docutils;False;
awscli;https://github.com/aws/aws-cli;False;
cffi;https://github.com/cffi/cffi;False;https://github.com/python-cffi/release-doc
importlib-metadata;https://github.com/importlib-metadata/importlib-metadata;True;
future;https://github.com/future/future;True;https://github.com/PythonCharmers/python-future
grpcio;https://github.com/grpc/grpc;False;
enum34;https://github.com/enum34/enum34;True;
pexpect;https://github.com/pexpect/pexpect;False;
beautifulsoup4;https://github.com/beautifulsoup4/beautifulsoup4;True;
pycodestyle;http://github.com/PyCQA/pycodestyle;False;
ipython-genutils;https://github.com/ipython-genutils/ipython-genutils;True;
uritemplate;https://github.com/python-hyper/uritemplate;False;
pbr;https://github.com/pbr/pbr;True;
typing;https://github.com/python/typing;False;https://github.com/python/cpython
tensorflow-estimator;https://github.com/tensorflow/estimator;False;
h5py;https://github.com/h5py/h5py;False;
termcolor;https://github.com/termcolor/termcolor;True;
flake8;https://github.com/flake8/flake8;True;
jupyter-core;https://github.com/jupyter-core/jupyter-core;True;
contextlib2;https://github.com/contextlib2/contextlib2;True;https://github.com/jazzband/contextlib2
nbformat;https://github.com/nbformat/nbformat;True;
funcsigs;https://github.com/testing-cabal/funcsigs;False;
ipykernel;https://github.com/ipykernel/ipykernel;True;
docopt;https://github.com/docopt/docopt;False;
jupyter-client;https://github.com/jupyter/jupyter_client;False;
awscli-cwlogs;https://github.com/awscli-cwlogs/awscli-cwlogs;True;
regex;https://github.com/regex/regex;True;
requests-toolbelt;https://github.com/requests/toolbelt;False;
notebook;https://github.com/notebook/notebook;True;
pyarrow;https://github.com/apache/arrow;False;
babel;https://github.com/babel/babel;False;https://github.com/python-babel/babel
widgetsnbextension;https://github.com/widgetsnbextension/widgetsnbextension;True;
ipywidgets;https://github.com/ipywidgets/ipywidgets;True;
typing-extensions;https://github.com/python/typing;False;
py4j;https://github.com/py4j/py4j;True;https://github.com/bartdag/py4j
ordereddict;https://github.com/ordereddict/ordereddict;True;
jupyter-console;https://github.com/jupyter-console/jupyter-console;True;
dnspython;https://github.com/dnspython/dnspython;True;https://github.com/rthalley/dnspython
jupyter;https://github.com/jupyter/jupyter;False;
tensorflow-metadata;https://github.com/tensorflow/metadata;False;
xlrd;https://github.com/xlrd/xlrd;True;https://github.com/python-excel/xlrd
distlib;https://github.com/distlib/distlib;True;
pycrypto;https://github.com/pycrypto/pycrypto;False;https://github.com/dlitz/pycrypto
simplegeneric;https://github.com/simplegeneric/simplegeneric;True;
cython;https://github.com/cython/cython;False;
pycryptodomex;https://github.com/Legrandin/pycryptodome;False;
tensorflow-transform;https://github.com/tensorflow/transform;False;
ansible;https://github.com/ansible/ansible;False;
importlib-resources;https://github.com/importlib-resources/importlib-resources;True;https://github.com/python/importlib_resources
tensorflow-serving-api;https://github.com/tensorflow-serving-api/tensorflow-serving-api;True;
ruamel-yaml;https://github.com/pypa/setuptools;False;
pyspark;https://github.com/apache/spark;False;
ply;https://github.com/ply/ply;True;
singledispatch;https://github.com/singledispatch/singledispatch;True;
bs4;https://github.com/bs4/bs4;True;
mypy;https://github.com/mypy/mypy;True;https://github.com/python/mypy
kombu;https://github.com/kombu/kombu;True;
tensorflow-model-analysis;https://github.com/tensorflow/model-analysis;False;
openpyxl;https://github.com/openpyxl/openpyxl;True;
tensorflow-data-validation;https://github.com/tensorflow/data-validation;False;
thrift;https://github.com/thrift/thrift;True;https://github.com/apache/thrift
mozrunner;https://github.com/mozrunner/mozrunner;True;
ruamel-yaml-clib;https://github.com/ruamel-yaml-clib/ruamel-yaml-clib;True;
apache-beam;https://github.com/apache-beam/apache-beam;True;
sklearn;https://github.com/sklearn/sklearn;True;
unidecode;https://github.com/avian2/unidecode;False;
mozlog;https://github.com/mozlog/mozlog;True;
et-xmlfile;https://github.com/et-xmlfile/et-xmlfile;True;
lockfile;https://github.com/lockfile/lockfile;True;
djangorestframework;https://github.com/encode/django-rest-framework;False;
backports-ssl-match-hostname;https://github.com/backports-ssl-match-hostname/backports-ssl-match-hostname;True;
iso8601;https://github.com/iso8601/iso8601;True;https://github.com/micktwomey/pyiso8601
aliyun-python-sdk-ecs;https://github.com/aliyun-python-sdk-ecs/aliyun-python-sdk-ecs;True;
execnet;https://github.com/python/black;False;
aniso8601;https://github.com/aniso8601/aniso8601;True;
bottle;https://github.com/bottle/bottle;True;https://github.com/bottlepy/bottle
jeepney;https://github.com/jeepney/jeepney;True;
stevedore;https://github.com/stevedore/stevedore;True;
s3cmd;https://github.com/s3cmd/s3cmd;False;
mozdevice;https://github.com/mozdevice/mozdevice;True;
pkginfo;https://github.com/pkginfo/pkginfo;True;
pathlib;https://github.com/pathlib/pathlib;True;
prettytable;https://github.com/prettytable/prettytable;True;https://github.com/jazzband/prettytable
mozprofile;https://github.com/mozprofile/mozprofile;True;
mozinfo;https://github.com/mozinfo/mozinfo;True;
mozprocess;https://github.com/mozprocess/mozprocess;True;
docker-compose;https://github.com/docker/compose;False;
blinker;https://github.com/blinker/blinker;True;https://github.com/jek/blinker
mozterm;https://github.com/mozterm/mozterm;True;
python-daemon;https://github.com/python-daemon/python-daemon;True;
sphinxcontrib-htmlhelp;https://github.com/sphinxcontrib-htmlhelp/sphinxcontrib-htmlhelp;True;
sphinxcontrib-serializinghtml;https://github.com/sphinxcontrib-serializinghtml/sphinxcontrib-serializinghtml;True;
sphinxcontrib-applehelp;https://github.com/sphinxcontrib-applehelp/sphinxcontrib-applehelp;True;
sphinxcontrib-devhelp;https://github.com/sphinxcontrib-devhelp/sphinxcontrib-devhelp;True;
sphinxcontrib-qthelp;https://github.com/sphinxcontrib-qthelp/sphinxcontrib-qthelp;True;
avro;https://github.com/avro/avro;True;
mysql-connector-python;https://github.com/mysql-connector-python/mysql-connector-python;True;
uwsgi;https://github.com/uwsgi/uwsgi;True;https://github.com/unbit/uwsgi-docs
sphinxcontrib-jsmath;https://github.com/sphinxcontrib-jsmath/sphinxcontrib-jsmath;True;
pysftp;https://github.com/pysftp/pysftp;True;
grpcio-tools;https://github.com/grpc/grpc;False;
avro-python3;https://github.com/avro-python3/avro-python3;True;
geographiclib;https://github.com/geographiclib/geographiclib;True;
crcmod;https://github.com/crcmod/crcmod;True;
mozfile;https://github.com/mozfile/mozfile;True;
identify;https://github.com/chriskuehl/identify;False;https://github.com/pre-commit/identify
invoke;https://github.com/invoke/invoke;True;
passlib;https://github.com/passlib/passlib;True;
aenum;https://github.com/aenum/aenum;True;
msgpack-python;https://github.com/msgpack-python/msgpack-python;True;
zeep;https://github.com/zeep/zeep;True;
google;https://github.com/google/google;True;
python-gnupg;https://github.com/python-gnupg/python-gnupg;True;
pygithub;https://github.com/pygithub/pygithub;False;
sphinxcontrib-websupport;https://github.com/sphinxcontrib-websupport/sphinxcontrib-websupport;True;
fabric;https://github.com/fabric/fabric;False;
cx-oracle;https://github.com/cx-oracle/cx-oracle;True;
pycairo;https://github.com/ldo/qahirah;False;https://github.com/pygobject/pycairo
phoenixdb;https://github.com/phoenixdb/phoenixdb;True;
pyxdg;https://github.com/pyxdg/pyxdg;True;https://github.com/takluyver/pyxdg
pypdf2;https://github.com/pypdf2/pypdf2;True;
xlwt;https://github.com/xlwt/xlwt;True;https://github.com/python-excel/xlwt
unittest2;https://github.com/unittest2/unittest2;True;
pygobject;https://github.com/pygobject/pygobject;True;
inflect;https://github.com/jazzband/inflect;False;https://github.com/jaraco/inflect
expiringdict;https://github.com/expiringdict/expiringdict;True;
reportlab;https://github.com/reportlab/reportlab;True;
grpcio-gcp;https://github.com/grpcio-gcp/grpcio-gcp;True;
mmh3;http://github.com/hajimes/mmh3;False;
hypothesis;https://github.com/hypothesisworks/hypothesis;False;https://github.com/HypothesisWorks/hypothesis-python
rx;https://github.com/ReactiveX/RxPY;False;https://github.com/ReactiveX/rxjs
tensorboard-plugin-wit;https://github.com/tensorboard-plugin-wit/tensorboard-plugin-wit;True;
strict-rfc3339;https://github.com/strict-rfc3339/strict-rfc3339;True;
heapdict;https://github.com/heapdict/heapdict;True;https://github.com/DanielStutzbach/heapdict
tensorflow-gpu;https://github.com/tensorflow-gpu/tensorflow-gpu;True;
repoze-lru;https://github.com/repoze-lru/repoze-lru;True;
antlr4-python3-runtime;https://github.com/antlr4-python3-runtime/antlr4-python3-runtime;True;
marshmallow-enum;https://github.com/marshmallow-enum/marshmallow-enum;True;
zict;https://github.com/zict/zict;True;
python-jenkins;https://github.com/python-jenkins/python-jenkins;True;
mysql-connector;https://github.com/mysql-connector/mysql-connector;True;
fbprophet;https://github.com/facebook/prophet;False;
hyperopt;https://github.com/hyperopt/hyperopt;False;
suds-jurko;https://github.com/suds-jurko/suds-jurko;True;
intel-openmp;https://github.com/intel-openmp/intel-openmp;True;
mkl;https://github.com/mkl/mkl;True;
azureml-core;https://github.com/azureml-core/azureml-core;True;
catkin-pkg;https://github.com/catkin-pkg/catkin-pkg;True;
cognite-model-hosting;https://github.com/cognite-model-hosting/cognite-model-hosting;True;
python-crontab;https://github.com/python-crontab/python-crontab;True;
python-augeas;https://github.com/python-augeas/python-augeas;True;
py-bcrypt;https://github.com/py-bcrypt/py-bcrypt;True;
oslo-i18n;https://github.com/oslo-i18n/oslo-i18n;True;
webtest;https://github.com/webtest/webtest;True;
apache-airflow;https://github.com/apache/airflow;False;
debtcollector;https://github.com/debtcollector/debtcollector;True;
pydispatcher;https://github.com/pydispatcher/pydispatcher;True;
mpmath;https://github.com/mpmath/mpmath;True;
anyjson;https://github.com/ask/carrot;False;
pypiwin32;https://github.com/pypiwin32/pypiwin32;True;
rospkg;https://github.com/rospkg/rospkg;True;https://github.com/ros-infrastructure/rospkg
oslo-utils;https://github.com/oslo-utils/oslo-utils;True;
oslo-config;https://github.com/oslo-config/oslo-config;True;
ruamel-ordereddict;https://github.com/ruamel-ordereddict/ruamel-ordereddict;True;
datashape;https://github.com/datashape/datashape;True;
flake8-polyfill;https://github.com/flake8-polyfill/flake8-polyfill;True;
oslo-serialization;https://github.com/oslo-serialization/oslo-serialization;True;
paho-mqtt;https://github.com/eclipse/paho;True;
pyudorandom;https://github.com/pyudorandom/pyudorandom;True;
statistics;https://github.com/digitalemagine/py-statistics;False;
pycalverter;https://github.com/pycalverter/pycalverter;True;
python-swiftclient;https://github.com/openstack/swift;False;
descartes;https://github.com/descartes/descartes;True;
scikit-optimize;https://github.com/scikit-optimize/scikit-optimize;False;
jupyterlab;https://github.com/jupyterlab/jupyterlab;False;
theano;https://github.com/theano/theano;False;
azureml-model-management-sdk;https://github.com/Azure/azure-ml-api-sdk-python;True;
keystoneauth1;https://github.com/keystoneauth1/keystoneauth1;True;
cvxopt;https://github.com/cvxopt/cvxopt;False;
milksnake;https://github.com/getsentry/milksnake;False;
objectpath;https://github.com/adriank/objectpath;False;
tables;https://github.com/tables/tables;True;
mongoengine;https://github.com/MongoEngine/mongoengine;False;
clickclick;https://github.com/zalando/python-clickclick;False;
cssutils;https://github.com/cssutils/cssutils;True;
instana;https://github.com/instana/python-sensor;False;
databricks-pypi1;https://github.com/databricks-pypi1/databricks-pypi1;True;
os-service-types;https://github.com/os-service-types/os-service-types;True;
openstacksdk;https://github.com/openstacksdk/openstacksdk;True;
azureml-dataprep;https://github.com/azureml-dataprep/azureml-dataprep;True;
atlassian-jwt-auth;https://github.com/atlassian-jwt-auth/atlassian-jwt-auth;True;
azureml-dataprep-native;https://github.com/azureml-dataprep-native/azureml-dataprep-native;True;
oauth;https://github.com/oauth/oauth;True;
python-keystoneclient;https://github.com/python-keystoneclient/python-keystoneclient;True;
jupyterlab-server;https://github.com/jupyterlab/jupyterlab_server;False;
ezfnsetup;https://github.com/ezfnsetup/ezfnsetup;True;
mleap;https://github.com/combust/mleap;False;https://github.com/combust/mleap-demo
pyqt5;https://github.com/pyqt5/pyqt5;True;
initools;https://github.com/initools/initools;True;
spotinst-agent;https://github.com/spotinst/spotinst-spectrum-agent;True;
watson-machine-learning-client;https://github.com/watson-machine-learning-client/watson-machine-learning-client;True;
nvidia-ml-py;https://github.com/nvidia-ml-py/nvidia-ml-py;True;
google-cloud-dataflow;https://github.com/google-cloud-dataflow/google-cloud-dataflow;True;
mozversion;https://github.com/mozversion/mozversion;True;
python-geohash;https://github.com/python-geohash/python-geohash;True;
toposort;https://github.com/toposort/toposort;True;
pyro4;https://github.com/irmen/Pyro4;False;
flake8-docstrings;https://github.com/pycqa/pydocstyle;False;
azureml-telemetry;https://github.com/azureml-telemetry/azureml-telemetry;True;
python-novaclient;https://github.com/python-novaclient/python-novaclient;True;
autobahn;https://github.com/crossbario/autobahn-python;False;
requestsexceptions;https://github.com/requestsexceptions/requestsexceptions;True;
mpi4py;https://github.com/mpi4py/mpi4py;False;
azureml-pipeline-core;https://github.com/azureml-pipeline-core/azureml-pipeline-core;True;
pattern;https://github.com/pattern/pattern;True;
mysql-connector-python-rf;https://github.com/mysql-connector-python-rf/mysql-connector-python-rf;True;
nvidia-ml-py3;https://github.com/nvidia-ml-py3/nvidia-ml-py3;True;
oslo-log;https://github.com/oslo-log/oslo-log;True;
azureml-train-core;https://github.com/azureml-train-core/azureml-train-core;True;
azureml-train-restclients-hyperdrive;https://github.com/azureml-train-restclients-hyperdrive/azureml-train-restclients-hyperdrive;True;
osc-lib;https://github.com/osc-lib/osc-lib;True;
ibm-db-sa;https://github.com/ibmdb/python-ibmdbsa;False;
wget;https://github.com/wget/wget;False;
pyqt5-sip;https://github.com/pyqt5-sip/pyqt5-sip;True;
azureml-pipeline-steps;https://github.com/azureml-pipeline-steps/azureml-pipeline-steps;True;
python-subunit;https://github.com/python-subunit/python-subunit;True;
azureml-pipeline;https://github.com/azureml-pipeline/azureml-pipeline;True;
httpretty;https://github.com/gabrielfalcao/httpretty;False;
oslo-context;https://github.com/oslo-context/oslo-context;True;
beautifulsoup;https://github.com/beautifulsoup/beautifulsoup;True;
marionette-driver;https://github.com/marionette-driver/marionette-driver;True;
azureml-train;https://github.com/azureml-train/azureml-train;True;
azureml-sdk;https://github.com/Azure/MachineLearningNotebooks;False;
firebase-admin;https://github.com/firebase-admin/firebase-admin;True;
pdfkit;https://github.com/JazzCore/python-pdfkit;False;
pywebhdfs;https://github.com/pywebhdfs/pywebhdfs;False;
virtualenvwrapper;https://github.com/virtualenvwrapper/virtualenvwrapper;True;
pykerberos;https://github.com/pykerberos/pykerberos;True;
python-cinderclient;https://github.com/python-cinderclient/python-cinderclient;True;
sentinels;https://github.com/sentinels/sentinels;True;
databricks-pypi2;https://github.com/databricks-pypi2/databricks-pypi2;True;
os-client-config;https://github.com/os-client-config/os-client-config;True;
hashids;https://github.com/hashids/hashids;True;
awsebcli;https://github.com/aws/aws-elastic-beanstalk-cli-setup;False;
filechunkio;https://github.com/filechunkio/filechunkio;True;
python-glanceclient;https://github.com/python-glanceclient/python-glanceclient;True;
pyformance;https://github.com/pyformance/pyformance;True;
mongomock;https://github.com/mongomock/mongomock;False;
cheetah;https://github.com/cheetah/cheetah;True;
locustio;https://github.com/locustio/locustio;True;https://github.com/locustio/locust
dash-renderer;https://github.com/dash-renderer/dash-renderer;True;
dash-core-components;https://github.com/dash-core-components/dash-core-components;True;
cftime;https://github.com/unidata/cftime;False;
flask-mail;https://github.com/rduplain/flask-mail;True;
astropy;http://github.com/astropy/astropy;False;
neptune-client;https://github.com/neptune-client/neptune-client;True;
webapp2;https://github.com/webapp2/webapp2;True;
python-stdnum;https://github.com/python-stdnum/python-stdnum;True;https://github.com/arthurdejong/python-stdnum
pythonwhois;https://github.com/pythonwhois/pythonwhois;True;
appium-python-client;https://github.com/appium/python-client;False;
launcher;https://github.com/ha6000/launcher-for-python;True;
tf-estimator-nightly;https://github.com/tensorflow/estimator;False;
polib;https://github.com/polib/polib;True;
capstone;https://github.com/capstone/capstone;True;https://github.com/aquynh/capstone
pathlib-mate;https://github.com/machu-gwu/pathlib_mate-project;False;
dash-table;https://github.com/dash-table/dash-table;True;
tempita;https://github.com/tempita/tempita;True;
brunel;https://github.com/Brunel-Visualization/Brunel;False;
request;https://github.com/request/request;False;
imblearn;https://github.com/imblearn/imblearn;True;
post;https://github.com/post/post;False;
get;https://github.com/get/get;True;
python-openstackclient;https://github.com/python-openstackclient/python-openstackclient;True;
solartime;https://github.com/solartime/solartime;True;
django-formtools;https://github.com/jazzband/django-formtools;False;https://github.com/django/django-formtools
enum;https://github.com/enum/enum;True;
djangorestframework-simplejwt;https://github.com/davesque/django-rest-framework-simplejwt;False;https://github.com/SimpleJWT/django-rest-framework-simplejwt
empy;https://github.com/empy/empy;True;
interval;https://github.com/interval/interval;True;
azureml-automl-core;https://github.com/azureml-automl-core/azureml-automl-core;True;
python-neutronclient;https://github.com/python-neutronclient/python-neutronclient;True;
socksipy-branch;https://github.com/socksipy-branch/socksipy-branch;True;
boxsdk;https://github.com/box/box-python-sdk;False;
ipyparallel;https://github.com/ipyparallel/ipyparallel;True;
pager;https://github.com/pager/pager;True;
platformio;https://github.com/platformio/platformio-core;False;https://github.com/platformio/platformio
lightstep;https://github.com/lightstep/lightstep;True;
pygeocoder;https://github.com/pygeocoder/pygeocoder;True;
amazon-dax-client;https://github.com/amazon-dax-client/amazon-dax-client;True;
hurry-filesize;https://github.com/hurry-filesize/hurry-filesize;True;
gevent-websocket;https://github.com/methane/wsaccel;False;
routes;https://github.com/routes/routes;True;
pylibmc;https://github.com/pylibmc/pylibmc;True;https://github.com/lericson/pylibmc
azureml-train-automl-client;https://github.com/azureml-train-automl-client/azureml-train-automl-client;True;
palettable;https://github.com/palettable/palettable;True;https://github.com/jiffyclub/palettable
xlocal;https://github.com/xlocal/xlocal;True;
azureml-defaults;https://github.com/azureml-defaults/azureml-defaults;True;
django-rest-framework;https://github.com/django-rest-framework/django-rest-framework;True;https://github.com/encode/django-rest-framework
moznetwork;https://github.com/moznetwork/moznetwork;True;
wmctrl;https://github.com/wmctrl/wmctrl;True;
recordtype;https://github.com/recordtype/recordtype;True;
ibm-db;https://github.com/ibm-db/ibm-db;True;
geoalchemy2;https://github.com/geoalchemy2/geoalchemy2;True;
httpagentparser;https://github.com/httpagentparser/httpagentparser;True;https://github.com/shon/httpagentparser
oslo-concurrency;https://github.com/oslo-concurrency/oslo-concurrency;True;
mando;https://github.com/mando/mando;True;https://github.com/rubik/mando
uuid;https://github.com/uuid/uuid;True;
logging;https://github.com/logging/logging;False;
recordclass;https://github.com/recordclass/recordclass;True;
jsonnet;https://github.com/jsonnet/jsonnet;True;
proglog;https://github.com/Edinburgh-Genome-Foundry/Proglog;False;
suds;https://github.com/suds/suds;True;
logbook;https://github.com/logbook/logbook;True;
vatnumber;https://github.com/vatnumber/vatnumber;True;
numpydoc;https://github.com/numpydoc/numpydoc;True;https://github.com/numpy/numpydoc
pytest-cache;https://github.com/pytest-cache/pytest-cache;True;
progressbar;https://github.com/progressbar/progressbar;True;https://github.com/niltonvolpato/python-progressbar
pydub;https://github.com/pydub/pydub;True;
functools;https://github.com/functools/functools;True;
publicsuffix;https://github.com/publicsuffix/publicsuffix;True;
pyjwkest;https://github.com/pyjwkest/pyjwkest;True;
demjson;https://github.com/demjson/demjson;True;
mpld3;https://github.com/jakevdp/mpld3;False;
wasmer;https://github.com/wasmerio/wasmer;False;
junitparser;https://github.com/gastlygem/junitparser;False;https://github.com/weiwei/junitparser
pubnub;https://github.com/pubnub/pubnub;True;
tensorflow-addons;https://github.com/tensorflow-addons/tensorflow-addons;True;
protego;https://github.com/protego/protego;True;
protorpc;https://github.com/protorpc/protorpc;True;
hacking;https://github.com/jcrocholl/pep8;False;
ts-flint;https://github.com/ts-flint/ts-flint;True;
pywinauto;https://github.com/pywinauto/pywinauto;False;
onnxruntime;https://github.com/microsoft/onnxruntime;False;
limits;https://github.com/limits/limits;True;https://github.com/alisaifee/limits
ortools;https://github.com/google/or-tools;False;
bugsnag;https://github.com/bugsnag/bugsnag;True;
databricks-pypi-extras;https://github.com/databricks-pypi-extras/databricks-pypi-extras;True;
htcondor;https://github.com/htcondor/htcondor;False;
pygal;https://github.com/pygal/pygal;True;
civis;https://github.com/civisanalytics/civis-python;False;
m2crypto;https://github.com/m2crypto/m2crypto;False;
parsley;https://github.com/parsley/parsley;True;
azureml-designer-serving;https://github.com/azureml-designer-serving/azureml-designer-serving;True;
deepmerge;https://github.com/deepmerge/deepmerge;True;https://github.com/toumorokoshi/deepmerge
apache-libcloud;https://github.com/apache/libcloud;False;
electrical-calendar;https://github.com/electrical-calendar/electrical-calendar;True;
compatibility-lib;https://github.com/googlecloudplatform/cloud-opensource-python;False;
django-celery;http://github.com/celery/django-celery;False;
osqp;https://github.com/oxfordcontrol/osqp-wheels;False;https://github.com/oxfordcontrol/osqp
testscenarios;https://github.com/testscenarios/testscenarios;True;
gremlinpython;https://github.com/gremlinpython/gremlinpython;True;
gsutil;https://github.com/gsutil/gsutil;True;https://github.com/GoogleCloudPlatform/gsutil
namedlist;https://github.com/namedlist/namedlist;True;
img2pdf;https://github.com/img2pdf/img2pdf;True;
tlslite;https://github.com/moxie0/convergence;False;
pyrepl;https://github.com/pyrepl/pyrepl;True;
pybtex;https://github.com/pybtex/pybtex;True;
datasketch;https://github.com/datasketch/datasketch;True;
httpie;https://github.com/jakubroztocil/httpie;False;https://github.com/httpie/httpie
antlr4-python2-runtime;https://github.com/antlr4-python2-runtime/antlr4-python2-runtime;True;
pytest-pep8;https://github.com/jcrocholl/pep8;False;
mandrill;https://github.com/mandrill/mandrill;True;
getch;https://github.com/getch/getch;True;
createsend;https://github.com/createsend/createsend;True;https://github.com/campaignmonitor/createsend-python
oset;https://github.com/oset/oset;True;
django-haystack;https://github.com/django-haystack/django-haystack;False;https://github.com/toastdriven/django-haystack
shiboken2;https://github.com/shiboken2/shiboken2;True;
logutils;https://github.com/logutils/logutils;True;
uritemplate-py;https://github.com/sigmavirus24/uritemplate;False;
fastcluster;https://github.com/dmuellner/fastcluster;False;
pyside2;https://github.com/pyside2/pyside2;True;
textdistance;https://github.com/life4/textdistance;False;https://github.com/orsinium/textdistance
nimbusml;https://github.com/microsoft/nimbusml;False;
python-heatclient;https://github.com/python-heatclient/python-heatclient;True;https://github.com/openstack/python-heatclient
lml;https://github.com/chfw/lml;False;https://github.com/python-lml/lml
peakutils;https://github.com/peakutils/peakutils;True;
futurist;https://github.com/futurist/futurist;True;
nose-cov;https://github.com/nose-cov/nose-cov;True;
json-delta;https://github.com/json-delta/json-delta;True;
wincertstore;https://github.com/wincertstore/wincertstore;True;
databricks-pypi;https://github.com/databricks-pypi/databricks-pypi;True;
testresources;https://github.com/testresources/testresources;False;
pycocotools;https://github.com/pycocotools/pycocotools;True;
pyaudio;https://github.com/pyaudio/pyaudio;True;
pprint;https://github.com/pprint/pprint;True;
reno;https://github.com/reno/reno;True;
pycontracts;https://github.com/andreacensi/contracts;False;
grpcio-health-checking;https://github.com/grpcio-health-checking/grpcio-health-checking;True;
python-designateclient;https://github.com/python-designateclient/python-designateclient;True;
pycli;https://github.com/pycli/pycli;True;
whoosh;https://github.com/whoosh/whoosh;True;
datadiff;https://github.com/datadiff/datadiff;True;
azureml-contrib-services;https://github.com/azureml-contrib-services/azureml-contrib-services;True;
colored;https://github.com/colored/colored;True;
cmarkgfm;https://github.com/jonparrott/cmarkgfm;False;https://github.com/theacodes/cmarkgfm
jupyterhub;https://github.com/jupyterhub/jupyterhub;False;https://github.com/jupyter/jupyterhub
flask-debugtoolbar;https://github.com/django-debug-toolbar/django-debug-toolbar;False;https://github.com/mgood/flask-debugtoolbar
pyspark-dist-explore;https://github.com/pyspark-dist-explore/pyspark-dist-explore;True;
oslo-messaging;https://github.com/oslo-messaging/oslo-messaging;True;
grpcio-status;https://github.com/grpcio-status/grpcio-status;True;
oslo-db;https://github.com/oslo-db/oslo-db;True;
testrepository;https://github.com/testrepository/testrepository;True;https://github.com/testing-cabal/testrepository
comet-ml;https://github.com/comet-ml/comet-ml;False;
comet-git-pure;https://github.com/comet-git-pure/comet-git-pure;True;
shade;https://github.com/shade/shade;True;
pyopengl;https://github.com/mcfletch/pyopengl;False;
eyed3;https://github.com/nicfit/eyed3;False;
grpcio-reflection;https://github.com/grpcio-reflection/grpcio-reflection;True;
concurrentloghandler;https://github.com/concurrentloghandler/concurrentloghandler;True;
oslo-service;https://github.com/oslo-service/oslo-service;True;
oslo-policy;https://github.com/oslo-policy/oslo-policy;True;
meson;https://github.com/meson/meson;True;https://github.com/mesonbuild/meson
pysmb;https://github.com/pysmb/pysmb;True;https://github.com/miketeo/pysmb
gdata;https://github.com/gdata/gdata;True;
urlopen;https://github.com/urlopen/urlopen;True;
nose-xunitmp;https://github.com/nose-xunitmp/nose-xunitmp;True;
homeassistant;https://github.com/home-assistant/core;False;
oslo-middleware;https://github.com/oslo-middleware/oslo-middleware;True;
pylama;https://github.com/klen/pylama;False;
scikit-surprise;https://github.com/NicolasHug/Surprise;False;
intelhex;https://github.com/bialix/intelhex;False;https://github.com/python-intelhex/intelhex
dbutils;https://github.com/dbutils/dbutils;True;https://github.com/WebwareForPython/DBUtils
tf-nightly;https://github.com/tensorflow/tensorflow;False;
dohq-artifactory;https://github.com/devopshq/artifactory;False;
pyrogram;https://github.com/pyrogram/pyrogram;False;
spark-nlp;https://github.com/spark-nlp/spark-nlp;True;
wxpython;https://github.com/wxwidgets/phoenix;False;
p4python;https://github.com/p4python/p4python;True;
databricks;https://github.com/databricks/databricks;True;
uwsgitop;https://github.com/uwsgitop/uwsgitop;True;
django-tinymce;https://github.com/aljosa/django-tinymce;False;https://github.com/jazzband/django-tinymce
deap;https://github.com/deap/deap;False;
databricks-connect;https://github.com/databricks-connect/databricks-connect;True;
aliyun-python-sdk-kms;https://github.com/aliyun-python-sdk-kms/aliyun-python-sdk-kms;True;
stemming;https://github.com/stemming/stemming;True;
patool;https://github.com/patool/patool;True;https://github.com/wummel/patool
django-configurations;https://github.com/django-configurations/django-configurations;True;https://github.com/jazzband/django-configurations
osprofiler;https://github.com/osprofiler/osprofiler;True;
pyarabic;http://github.com/linuxscout/pyarabic;False;
oslo-cache;https://github.com/oslo-cache/oslo-cache;True;
willow;https://github.com/willow/willow;True;
keystonemiddleware;https://github.com/openstack/keystone;False;https://github.com/openstack/keystonemiddleware
ipfshttpclient;https://github.com/ipfs/py-ipfs-http-client;False;
python-ironicclient;https://github.com/python-ironicclient/python-ironicclient;True;
pyramid-tm;https://github.com/pylons/pyramid_tm;False;
param;https://github.com/param/param;True;https://github.com/holoviz/param
logilab-common;https://github.com/logilab-common/logilab-common;True;
html;https://github.com/html/html;True;
imagecodecs;https://github.com/scossu/imagecodecs;False;https://github.com/Czaki/imagecodecs
bindep;https://github.com/bindep/bindep;True;
redlock-py;https://github.com/SPSCommerce/identity-service;True;
pysolar;https://github.com/pysolar/pysolar;True;https://github.com/pingswept/pysolar
aiokafka;https://github.com/aiokafka/aiokafka;True;https://github.com/aio-libs/aiokafka
ovs;https://github.com/ovs/ovs;True;https://github.com/openvswitch/ovs
jsbeautifier;https://github.com/jsbeautifier/jsbeautifier;True;
monthdelta;https://github.com/monthdelta/monthdelta;True;
pycadf;https://github.com/pycadf/pycadf;True;
pygraphviz;https://github.com/pygraphviz/pygraphviz;False;
web-py;https://github.com/webpy/webpy;False;
waiting;https://github.com/waiting/waiting;True;
robotframework-pabot;https://github.com/robotframework-pabot/robotframework-pabot;True;
websocket;https://github.com/websocket/websocket;False;
shippo;https://github.com/shippo/shippo;True;
petname;https://github.com/petname/petname;False;
repoze-who;https://github.com/repoze/repoze.who;False;
python-barbicanclient;https://github.com/openstack/barbican;False;
junitxml;https://github.com/junitxml/junitxml;True;
ansi2html;https://github.com/ralphbean/ansi2html;False;https://github.com/pycontribs/ansi2html
python-nmap;https://github.com/python-nmap/python-nmap;True;
nflx-genie-client;https://github.com/nflx-genie-client/nflx-genie-client;True;
distribute;https://github.com/distribute/distribute;True;
libvirt-python;https://github.com/libvirt-python/libvirt-python;True;
biplist;https://github.com/biplist/biplist;True;
sphinxcontrib-napoleon;https://github.com/numpy/numpy;False;
datarobot;https://github.com/datarobot/datarobot;True;
azure-functions;https://github.com/azure-functions/azure-functions;True;
password;https://github.com/password/password;True;
cognite-logger;https://github.com/cognite-logger/cognite-logger;True;
config;https://github.com/config/config;True;
tableauhyperapi;https://github.com/tableauhyperapi/tableauhyperapi;True;
pbkdf2;https://github.com/pbkdf2/pbkdf2;True;https://github.com/dlitz/python-pbkdf2
untangle;https://github.com/untangle/untangle;True;
openstackdocstheme;https://github.com/openstackdocstheme/openstackdocstheme;True;
bashate;https://github.com/pycqa/pycodestyle;False;
vtk;https://github.com/vtk/vtk;True;
oslo-reports;https://github.com/oslo-reports/oslo-reports;True;
oslo-upgradecheck;https://github.com/oslo-upgradecheck/oslo-upgradecheck;True;
control;https://github.com/python-control/python-control;False;
xlutils;https://github.com/xlutils/xlutils;True;https://github.com/python-excel/xlutils
doublemetaphone;https://github.com/doublemetaphone/doublemetaphone;True;
xstatic-jquery;https://github.com/xstatic-jquery/xstatic-jquery;True;
yoyo-migrations;https://github.com/yoyo-migrations/yoyo-migrations;True;
cloudinary;https://github.com/cloudinary/pycloudinary;False;
fastai;https://github.com/fastai/fastai;False;
pydot2;https://github.com/pydot2/pydot2;True;
tinys3;https://github.com/tinys3/tinys3;True;
twitter;https://github.com/twitter/twitter;True;https://github.com/sixohsix/twitter
atpublic;https://github.com/atpublic/atpublic;True;
faulthandler;https://github.com/faulthandler/faulthandler;True;
streamlit;https://github.com/streamlit/streamlit;False;
kitchen;https://github.com/kitchen/kitchen;True;
minimal-snowplow-tracker;https://github.com/minimal-snowplow-tracker/minimal-snowplow-tracker;True;
priority;https://github.com/priority/priority;True;
pygpgme;https://github.com/pygpgme/pygpgme;True;
django-hijack;https://github.com/django-hijack/django-hijack;True;
oslo-versionedobjects;https://github.com/oslo-versionedobjects/oslo-versionedobjects;True;
pynliner;https://github.com/pynliner/pynliner;True;
chainmap;https://github.com/chainmap/chainmap;True;
lepl;https://github.com/lepl/lepl;True;
ftputil;https://github.com/ftputil/ftputil;True;
jupyterlab-launcher;https://github.com/jupyterlab-launcher/jupyterlab-launcher;True;
os-testr;https://github.com/os-testr/os-testr;True;
dogstatsd-python;https://github.com/dogstatsd-python/dogstatsd-python;True;
mozdebug;https://github.com/mozdebug/mozdebug;True;
blaze;https://github.com/blaze/blaze;False;https://github.com/blaze/blaze-tutorial
automaton;https://github.com/automaton/automaton;True;
carbon;https://github.com/graphite-project/graphite-web;False;https://github.com/graphite-project/carbon
fixture;https://github.com/fixture/fixture;True;
pyxb;https://github.com/pyxb/pyxb;True;
azureml-train-automl;https://github.com/azureml-train-automl/azureml-train-automl;True;
python-magnumclient;https://github.com/python-magnumclient/python-magnumclient;True;
pyramid-debugtoolbar;https://github.com/pylons/pyramid_debugtoolbar;False;
pytest-testmon;https://github.com/pytest-testmon/pytest-testmon;True;
pyqtwebengine;https://github.com/pyqtwebengine/pyqtwebengine;True;
oslo-rootwrap;https://github.com/oslo-rootwrap/oslo-rootwrap;True;
urlparse3;https://github.com/urlparse3/urlparse3;True;
oslo-privsep;https://github.com/oslo-privsep/oslo-privsep;True;
jenkins-job-builder;https://github.com/jenkins-job-builder/jenkins-job-builder;True;
kivy;https://github.com/kivy/kivy;False;
json-encoder;https://github.com/json-encoder/json-encoder;True;
sarge;https://github.com/sarge/sarge;True;
py-dateutil;https://github.com/py-dateutil/py-dateutil;True;
mixer;https://github.com/klen/mixer;False;
in-toto;https://github.com/in-toto/in-toto;False;
python-debian;https://github.com/python-debian/python-debian;True;
dnspython3;https://github.com/dnspython3/dnspython3;True;
simplekml;https://github.com/simplekml/simplekml;True;https://github.com/eisoldt/simplekml
mox3;https://github.com/mox3/mox3;True;
pyviz-comms;https://github.com/holoviz/holoviz;False;
browsermob-proxy;https://github.com/browsermob-proxy/browsermob-proxy;True;https://github.com/automatedtester/browsermob-proxy-py
south;https://github.com/south/south;True;
posix-ipc;https://github.com/posix-ipc/posix-ipc;True;
unicorn;https://github.com/unicorn/unicorn;True;
pycountry-convert;https://github.com/TuneLab/pycountry-convert;True;
gdal;https://github.com/gdal/gdal;True;https://github.com/OSGeo/gdal
tooz;https://github.com/tooz/tooz;True;
positional;https://github.com/positional/positional;True;
bpython;https://github.com/bpython/bpython;False;
pydes;https://github.com/pydes/pydes;True;
ovsdbapp;https://github.com/ovsdbapp/ovsdbapp;True;
mercurial;https://github.com/mercurial/mercurial;True;
taskflow;https://github.com/taskflow/taskflow;False;
poster;https://github.com/poster/poster;True;
client;https://github.com/client/client;True;
netstorageapi;https://github.com/AstinCHOI/akamai-netstorage;True;
m3-cdecimal;https://github.com/m3-cdecimal/m3-cdecimal;True;
azureml-explain-model;https://github.com/azureml-explain-model/azureml-explain-model;True;
xunitparser;https://github.com/xunitparser/xunitparser;True;
castellan;https://github.com/castellan/castellan;True;
hpsklearn;https://github.com/hyperopt/hyperopt-sklearn;False;
logentries;https://github.com/logentries/logentries;True;
os-traits;https://github.com/os-traits/os-traits;True;
singer-python;https://github.com/singer-python/singer-python;True;
neutron-lib;https://github.com/neutron-lib/neutron-lib;True;
grpcio-opentracing;https://github.com/grpcio-opentracing/grpcio-opentracing;True;
os-vif;https://github.com/os-vif/os-vif;True;
xstatic-patternfly;https://github.com/xstatic-patternfly/xstatic-patternfly;True;
xstatic-datatables;https://github.com/xstatic-datatables/xstatic-datatables;True;
xstatic-patternfly-bootstrap-treeview;https://github.com/xstatic-patternfly-bootstrap-treeview/xstatic-patternfly-bootstrap-treeview;True;
np-utils;https://github.com/np-utils/np-utils;True;
kaitaistruct;https://github.com/kaitaistruct/kaitaistruct;True;
ropgadget;https://github.com/JonathanSalwan/ROPgadget;False;
dai-sgqlc-3-5;https://github.com/graphql/graphiql;False;
pysal;https://github.com/pysal/pysal;False;
cbor;https://github.com/cbor/cbor;True;
sip;https://github.com/sip/sip;True;
tensorflow-cpu;https://github.com/tensorflow/tensorflow;False;
sgmllib3k;https://github.com/sgmllib3k/sgmllib3k;True;
logger;https://github.com/logger/logger;False;
tbb;https://github.com/tbb/tbb;True;
repoze-sendmail;https://github.com/repoze-sendmail/repoze-sendmail;True;
os-win;https://github.com/os-win/os-win;True;
dm-xmlsec-binding;https://github.com/dm-xmlsec-binding/dm-xmlsec-binding;True;
flexget;https://github.com/Flexget/Flexget;False;
pymobiledetect;https://github.com/pymobiledetect/pymobiledetect;True;
traittypes;https://github.com/traittypes/traittypes;True;
jieba3k;https://github.com/jieba3k/jieba3k;True;
os-brick;https://github.com/os-brick/os-brick;True;
flufl-lock;https://github.com/flufl-lock/flufl-lock;True;
cctx;https://github.com/cctx/cctx;True;
pypdf;https://github.com/pypdf/pypdf;True;
pylzma;https://github.com/pylzma/pylzma;True;https://github.com/fancycode/pylzma
thespian;https://github.com/thespian/thespian;True;
geoip;https://github.com/geoip/geoip;False;
lftools;https://github.com/lftools/lftools;True;
twitter-ads;https://github.com/twitterdev/twitter-python-ads-sdk;False;
beatbox;https://github.com/beatbox/beatbox;True;
python-keyczar;https://github.com/python-keyczar/python-keyczar;True;
stem;https://github.com/stem/stem;True;https://github.com/torproject/stem
django-impersonate;https://github.com/django-impersonate/django-impersonate;True;
twitter-common-app;https://github.com/twitter/commons;False;
parse-accept-language;https://github.com/Babylonpartners/parse-accept-language;True;
mod-wsgi;https://github.com/mod-wsgi/mod-wsgi;True;
plotly-express;https://github.com/plotly/plotly_express;False;
rstr;https://github.com/rstr/rstr;True;
git-pylint-commit-hook;https://github.com/git-pylint-commit-hook/git-pylint-commit-hook;True;
pgeocode;https://github.com/pgeocode/pgeocode;True;https://github.com/symerio/pgeocode
pydns;https://github.com/pydns/pydns;False;
wsme;https://github.com/wsme/wsme;True;
goslate;https://github.com/goslate/goslate;True;
genshi;https://github.com/genshi/genshi;True;https://github.com/edgewall/genshi
pytorch;https://github.com/pytorch/pytorch;False;
graphy;https://github.com/graphy/graphy;True;
rook;https://github.com/rook/rook;False;
tinysegmenter;https://github.com/tinysegmenter/tinysegmenter;True;
redo;https://github.com/bhearsum/redo;False;https://github.com/mozilla-releng/redo
lmfit;https://github.com/lmfit/lmfit;True;https://github.com/lmfit/lmfit-py
dedupe-variable-datetime;https://github.com/datamade/dedupe-variable-datetime;True;
alexapy;https://github.com/custom-components/alexa_media_player;False;
os-ken;https://github.com/os-ken/os-ken;True;
mibian;https://github.com/mibian/mibian;True;
azureml-interpret;https://github.com/azureml-interpret/azureml-interpret;True;
modernize;https://github.com/python-modernize/python-modernize;False;https://github.com/PyCQA/modernize
mechanicalsoup;https://github.com/mechanicalsoup/mechanicalsoup;False;
pytictoc;https://github.com/pytictoc/pytictoc;True;
oslotest;https://github.com/oslotest/oslotest;True;
mailchimp;https://github.com/mailchimp/mcapi2-python-examples;True;
colorhash;https://github.com/zenozeng/color-hash;False;
pyqtgraph;https://github.com/pyqtgraph/pyqtgraph;False;
junit2html;https://github.com/junit2html/junit2html;True;
pytest-localserver;https://github.com/pytest-localserver/pytest-localserver;True;
python-jsonschema-objects;https://github.com/python-jsonschema-objects/python-jsonschema-objects;True;https://github.com/cwacek/python-jsonschema-objects
django-htmlmin;http://github.com/cobrateam/django-htmlmin;False;
oslo-vmware;https://github.com/oslo-vmware/oslo-vmware;True;
nose-testconfig;https://github.com/nose-testconfig/nose-testconfig;True;
simhash;https://github.com/simhash/simhash;True;https://github.com/leonsim/simhash
flufl-enum;https://github.com/flufl-enum/flufl-enum;True;
python-igraph;https://github.com/python-igraph/python-igraph;True;https://github.com/igraph/python-igraph
bcdoc;https://github.com/botocore/bcdoc;True;
azureml-automl-runtime;https://github.com/azureml-automl-runtime/azureml-automl-runtime;True;
webhelpers;https://github.com/webhelpers/webhelpers;True;
leveldb;https://github.com/leveldb/leveldb;True;
tempest;https://github.com/tempest/tempest;True;
cursive;https://github.com/cursive/cursive;True;
panda;https://github.com/panda/panda;True;
iptcinfo;https://github.com/iptcinfo/iptcinfo;True;
python-mistralclient;https://github.com/python-mistralclient/python-mistralclient;True;https://github.com/openstack/python-mistralclient
salt;https://github.com/saltstack/salt;False;
kfp;https://github.com/kfp/kfp;True;
azureml-train-automl-runtime;https://github.com/azureml-train-automl-runtime/azureml-train-automl-runtime;True;
ast;https://github.com/yijunyu/needle;True;
hashlib;https://github.com/hashlib/hashlib;True;
pomegranate;https://github.com/pomegranate/pomegranate;False;
imagecodecs-lite;https://github.com/imagecodecs-lite/imagecodecs-lite;True;
python-troveclient;https://github.com/python-troveclient/python-troveclient;True;
smartlingapisdk;https://github.com/smartlingapisdk/smartlingapisdk;True;
anaconda;https://github.com/anaconda/anaconda;True;
cql;https://github.com/cql/cql;True;
slugid;https://github.com/slugid/slugid;True;https://github.com/taskcluster/slugid.py
sq-native;https://github.com/sq-native/sq-native;True;
clearbit;https://github.com/clearbit/clearbit;True;
coffeehouse;https://github.com/coffeehouse/coffeehouse;True;
contextdecorator;https://github.com/contextdecorator/contextdecorator;True;
bpemb;https://github.com/bpemb/bpemb;True;https://github.com/bheinzerling/bpemb
mozinstall;https://github.com/mozinstall/mozinstall;True;
serial;https://github.com/serial/serial;True;
glance-store;https://github.com/glance-store/glance-store;True;
ryu;https://github.com/osrg/ryu;False;
pypowervm;https://github.com/pypowervm/pypowervm;False;
robinhood-aiokafka;https://github.com/robinhood-aiokafka/robinhood-aiokafka;True;
microversion-parse;https://github.com/microversion-parse/microversion-parse;True;
netapp-lib;https://github.com/netapp-lib/netapp-lib;True;
pafy;https://github.com/np1/pafy;True;
rfc3339;https://github.com/rfc3339/rfc3339;True;
python-owasp-zap-v2-4;https://github.com/zaproxy/zap-api-python;False;
delighted;https://github.com/delighted/delighted;True;
openexr;https://github.com/openexr/openexr;False;
osc-placement;https://github.com/osc-placement/osc-placement;True;
teradatasql;https://github.com/teradata/python-driver;False;
optunity;https://github.com/claesenm/optunity;False;
cmake-format;https://github.com/cheshirekow/cmakelang;True;
azureml-widgets;https://github.com/azureml-widgets/azureml-widgets;True;
sigopt;https://github.com/sigopt/sigopt;True;
wsgi-intercept;http://github.com/cdent/wsgi-intercept;False;
update;https://github.com/lmittmann/update;True;
hexdump;https://github.com/hexdump/hexdump;False;
plaidml;https://github.com/plaidml/plaidml;False;
simpy;https://github.com/simpx/simpy;False;
dbus-python;https://github.com/dbus-python/dbus-python;True;
chargebee;https://github.com/chargebee/chargebee;True;https://github.com/chargebee/chargebee-python
rasa-sdk;https://github.com/rasahq/rasa-sdk;False;
pysnmp-mibs;https://github.com/pysnmp-mibs/pysnmp-mibs;True;
pycapnp;https://github.com/jparyani/pycapnp;False;https://github.com/capnproto/pycapnp
mandrill-37;https://github.com/mandrill-37/mandrill-37;True;
notify2;https://github.com/notify2/notify2;True;
python-firebase;https://github.com/python-firebase/python-firebase;True;https://github.com/ozgur/python-firebase
pytest-logbook;https://github.com/pytest-logbook/pytest-logbook;True;
dogpile-core;https://github.com/dogpile-core/dogpile-core;True;
cloudbridge;https://github.com/cloudbridge/cloudbridge;True;https://github.com/CloudVE/cloudbridge
zc-buildout;https://github.com/buildout/buildout;False;
yaql;https://github.com/yaql/yaql;True;https://github.com/openstack/yaql
py3dns;https://github.com/py3dns/py3dns;True;
munkres;https://github.com/munkres/munkres;True;
dash-auth;https://github.com/dash-auth/dash-auth;True;
os-resource-classes;https://github.com/os-resource-classes/os-resource-classes;True;
libmagic;https://github.com/libmagic/libmagic;True;
mimeparse;https://github.com/mimeparse/mimeparse;True;
django-datatables-view;https://github.com/django-datatables-view/django-datatables-view;True;
chromedriver;https://github.com/chromedriver/chromedriver;True;
python-sql;https://github.com/python-sql/python-sql;True;
fabric2;https://github.com/fabric2/fabric2;True;
morfessor;https://github.com/morfessor/morfessor;True;
glob3;https://github.com/camabeh/glob3;True;
plaidml-keras;https://github.com/plaidml-keras/plaidml-keras;True;
python-termstyle;https://github.com/python-termstyle/python-termstyle;True;
flup;https://github.com/flup/flup;True;
django-hijack-admin;https://github.com/arteria/django-hijack;False;
python-qpid-proton;https://github.com/python-qpid-proton/python-qpid-proton;True;
multiprocessing;https://github.com/multiprocessing/multiprocessing;True;
cqlsh;https://github.com/cqlsh/cqlsh;True;
c7n;https://github.com/cloud-custodian/cloud-custodian;False;
ase;https://github.com/ase/ase;True;
email;https://github.com/email/email;True;
mozcrash;https://github.com/mozcrash/mozcrash;True;
cmsis-pack-manager;https://github.com/cmsis-pack-manager/cmsis-pack-manager;True;
pylogo;https://github.com/pylogo/pylogo;True;
lsm-db;https://github.com/lsm-db/lsm-db;True;
ssh-import-id;https://github.com/ssh-import-id/ssh-import-id;True;
rosdistro;https://github.com/rosdistro/rosdistro;True;
planout;https://github.com/planout/planout;True;
json-minify;https://github.com/getify/json.minify;False;
mozleak;https://github.com/mozleak/mozleak;True;
darglint;https://github.com/terrencepreilly/darglint;False;https://github.com/raddessi/SublimeLinter-contrib-darglint
murmurhash3;http://github.com/veegee/mmh3;False;
pyramid-beaker;https://github.com/pylons/pyramid_beaker;False;
cloudshell-automation-api;https://github.com/cloudshell-automation-api/cloudshell-automation-api;True;
gino;https://github.com/python-gino/gino;False;
django-slack;https://github.com/django-slack/django-slack;True;https://github.com/lamby/django-slack
