Package name;Badge URL;Homepage URL;Metadata URL;Readthedocs URL;Statistics URL;OSSGadget URL;Mode URL;Final URL;Real URL;Names Similarity;Descr. Lev. dist.;GitHub badge;Python lang. perc.;Real URL Score
python-dateutil;https://github.com/dateutil/dateutil;;;https://github.com/dateutil/dateutil;;https://github.com/dateutil/dateutil;https://github.com/dateutil/dateutil;https://github.com/dateutil/dateutil;https://github.com/dateutil/dateutil;1;1;1;1;4
docutils;;;;;;;;;;0;0;0;0;0
awscli;https://github.com/aws/aws-cli;;;;;https://github.com/aws/aws-cli;https://github.com/aws/aws-cli;https://github.com/aws/aws-cli;https://github.com/aws/aws-cli;1;1;0;1;3
cffi;;https://github.com/python-cffi/release-doc;;;;;https://github.com/python-cffi/release-doc;https://github.com/python-cffi/release-doc;;0;0;0;0;0
future;;https://github.com/pythoncharmers/python-future;;;;;https://github.com/pythoncharmers/python-future;https://github.com/pythoncharmers/python-future;https://github.com/pythoncharmers/python-future;1;-1;0;1;1
grpcio;;;;;;https://github.com/grpc/grpc;;https://github.com/grpc/grpc;https://github.com/grpc/grpc;1;-1;0;1;1
pygments;;https://github.com/pygments/pygments;;;;;https://github.com/pygments/pygments;https://github.com/pygments/pygments;https://github.com/pygments/pygments;1;-1;0;1;1
pexpect;;;;https://github.com/pexpect/pexpect;;;https://github.com/pexpect/pexpect;https://github.com/pexpect/pexpect;https://github.com/pexpect/pexpect;1;1;0;1;3
tensorflow-estimator;;;;;https://github.com/tensorflow/estimator;https://github.com/tensorflow/estimator;https://github.com/tensorflow/estimator;https://github.com/tensorflow/estimator;https://github.com/tensorflow/estimator;1;-1;0;1;1
h5py;;;;;;;;;https://github.com/h5py/h5py;1;-1;0;1;1
contextlib2;https://github.com/jazzband/contextlib2;https://github.com/jazzband/contextlib2;;;;;https://github.com/jazzband/contextlib2;https://github.com/jazzband/contextlib2;https://github.com/jazzband/contextlib2;1;1;0;1;3
funcsigs;;;;;;https://github.com/testing-cabal/funcsigs;;https://github.com/testing-cabal/funcsigs;https://github.com/testing-cabal/funcsigs;1;-1;0;1;1
docopt;;;;;;https://github.com/docopt/docopt;;https://github.com/docopt/docopt;https://github.com/docopt/docopt;1;1;1;1;4
jupyter-client;https://github.com/jupyter/jupyter_client;;;https://github.com/jupyter/jupyter_client;https://github.com/jupyter/jupyter_client;https://github.com/jupyter/jupyter_client;https://github.com/jupyter/jupyter_client;https://github.com/jupyter/jupyter_client;https://github.com/jupyter/jupyter_client;1;1;0;1;3
requests-toolbelt;;;;;;https://github.com/requests/toolbelt;;https://github.com/requests/toolbelt;https://github.com/requests/toolbelt;1;1;0;1;3
notebook;;;;https://github.com/jupyter/notebook;;;https://github.com/jupyter/notebook;https://github.com/jupyter/notebook;https://github.com/jupyter/notebook;1;-1;0;1;1
pyarrow;;;;;;https://github.com/apache/arrow;;https://github.com/apache/arrow;https://github.com/apache/arrow;1;-1;0;1;1
babel;;https://github.com/python-babel/babel;;;;;https://github.com/python-babel/babel;https://github.com/python-babel/babel;https://github.com/python-babel/babel;1;-1;0;1;1
typing-extensions;;;;;https://github.com/python/typing;https://github.com/python/typing;https://github.com/python/typing;https://github.com/python/typing;https://github.com/python/typing;1;-1;0;1;1
py4j;;https://github.com/bartdag/py4j;;;;;https://github.com/bartdag/py4j;https://github.com/bartdag/py4j;https://github.com/bartdag/py4j;1;-1;1;1;2
dnspython;;https://github.com/rthalley/dnspython;;;;;https://github.com/rthalley/dnspython;https://github.com/rthalley/dnspython;https://github.com/rthalley/dnspython;1;-1;1;1;2
jupyter;;;;;;;;;https://github.com/jupyter/jupyter;1;-1;0;1;1
xlrd;;https://github.com/python-excel/xlrd;;https://github.com/python-excel/xlrd;;;https://github.com/python-excel/xlrd;https://github.com/python-excel/xlrd;https://github.com/python-excel/xlrd;1;1;1;1;4
pycrypto;;https://github.com/pycrypto/pycrypto;;;;;https://github.com/pycrypto/pycrypto;https://github.com/pycrypto/pycrypto;https://github.com/pycrypto/pycrypto;1;1;0;1;3
cython;;;;;;;;;https://github.com/cython/cython;1;-1;0;1;1
alembic;;;;;;;;;;0;0;0;0;0
grpc-google-iam-v1;;;https://github.com/googleapis/googleapis;;https://github.com/googleapis/googleapis;https://github.com/googleapis/googleapis;https://github.com/googleapis/googleapis;https://github.com/googleapis/googleapis;https://github.com/googleapis/googleapis;-1;-1;0;-1;-3
ruamel-yaml;;;;https://github.com/readthedocs/sphinx_rtd_theme;;https://github.com/pypa/setuptools;https://github.com/readthedocs/sphinx_rtd_theme;https://github.com/readthedocs/sphinx_rtd_theme;https://github.com/commx/ruamel-yaml;1;1;1;1;4
pyspark;;;;;https://github.com/apache/spark;https://github.com/apache/spark;https://github.com/apache/spark;https://github.com/apache/spark;https://github.com/apache/spark;1;1;0;1;3
nltk;;https://github.com/nltk/nltk;;;;;https://github.com/nltk/nltk;https://github.com/nltk/nltk;https://github.com/nltk/nltk;1;-1;1;1;2
mypy;;https://github.com/python/mypy;;;;;https://github.com/python/mypy;https://github.com/python/mypy;https://github.com/python/mypy;1;-1;0;1;1
openpyxl;;;;https://github.com/readthedocs/sphinx_rtd_theme;;;https://github.com/readthedocs/sphinx_rtd_theme;https://github.com/readthedocs/sphinx_rtd_theme;;0;0;0;0;0
thrift;;https://github.com/apache/thrift;;;;;https://github.com/apache/thrift;https://github.com/apache/thrift;https://github.com/apache/thrift;1;-1;0;-1;-1
ruamel-yaml-clib;;;;https://github.com/readthedocs/sphinx_rtd_theme;;;https://github.com/readthedocs/sphinx_rtd_theme;https://github.com/readthedocs/sphinx_rtd_theme;;0;0;0;0;0
plotly;;https://github.com/plotly/plotly.py;;;https://github.com/plotly/plotly.py;https://github.com/plotly/orca;https://github.com/plotly/plotly.py;https://github.com/plotly/plotly.py;https://github.com/plotly/plotly.py;1;1;1;1;4
unidecode;;;;;;https://github.com/avian2/unidecode;;https://github.com/avian2/unidecode;https://github.com/avian2/unidecode;1;1;0;1;3
aniso8601;;;;https://github.com/readthedocs/sphinx_rtd_theme;;;https://github.com/readthedocs/sphinx_rtd_theme;https://github.com/readthedocs/sphinx_rtd_theme;;0;0;0;0;0
bottle;;https://github.com/bottlepy/bottle;;;;;https://github.com/bottlepy/bottle;https://github.com/bottlepy/bottle;https://github.com/bottlepy/bottle;1;-1;1;1;2
jeepney;;;;https://github.com/lew21/pydbus;;;https://github.com/lew21/pydbus;https://github.com/lew21/pydbus;;0;0;0;0;0
s3cmd;;;;;;;;;https://github.com/s3tools/s3cmd;1;-1;0;1;1
service-identity;https://github.com/pyca/service-identity;;;https://github.com/pyca/service-identity;;https://github.com/pyca/service-identity;https://github.com/pyca/service-identity;https://github.com/pyca/service-identity;https://github.com/pyca/service-identity;1;-1;0;1;1
maxminddb;;;;;;https://github.com/maxmind/libmaxminddb;;https://github.com/maxmind/libmaxminddb;https://github.com/maxmind/maxmind-db-reader-python;-1;1;0;1;1
blinker;;https://github.com/jek/blinker;;;;;https://github.com/jek/blinker;https://github.com/jek/blinker;https://github.com/jek/blinker;1;1;0;1;3
geoip2;;;;;;https://github.com/maxmind/libmaxminddb;;https://github.com/maxmind/libmaxminddb;https://github.com/maxmind/geoip2-python;1;1;0;1;3
uwsgi;;https://github.com/unbit/uwsgi-docs;;https://github.com/unbit/uwsgi-docs;;;https://github.com/unbit/uwsgi-docs;https://github.com/unbit/uwsgi-docs;https://github.com/unbit/uwsgi-docs;1;-1;0;1;1
grpcio-tools;;;;;;https://github.com/grpc/grpc;;https://github.com/grpc/grpc;https://github.com/grpc/grpc;1;-1;0;1;1
numba;;https://github.com/numba/numba;;;;;https://github.com/numba/numba;https://github.com/numba/numba;https://github.com/numba/numba;1;1;0;1;3
pika;https://github.com/pika/pika;https://github.com/pika/pika;;https://github.com/pika/pika;;https://github.com/invl/retry;https://github.com/pika/pika;https://github.com/pika/pika;https://github.com/pika/pika;1;1;1;1;4
spacy;https://github.com/explosion/spacy;;;;;https://github.com/explosion/spacy;https://github.com/explosion/spacy;https://github.com/explosion/spacy;https://github.com/explosion/spacy;1;1;1;1;4
pygithub;;;;https://github.com/pygithub/pygithub;;;https://github.com/pygithub/pygithub;https://github.com/pygithub/pygithub;https://github.com/pygithub/pygithub;1;-1;1;1;2
fabric;;;;;;;;;https://github.com/fabric/fabric;1;1;0;1;3
pycairo;;https://github.com/pygobject/pycairo;;https://github.com/pygobject/pycairo;;https://github.com/ldo/qahirah;https://github.com/pygobject/pycairo;https://github.com/pygobject/pycairo;https://github.com/pygobject/pycairo;1;1;0;1;3
wasabi;https://github.com/ines/wasabi;;;;;https://github.com/explosion/thinc;https://github.com/ines/wasabi;https://github.com/ines/wasabi;https://github.com/ines/wasabi;1;1;1;1;4
gapic-google-cloud-logging-v2;;;https://github.com/googleapis/googleapis;;https://github.com/googleapis/googleapis;https://github.com/googleapis/googleapis;https://github.com/googleapis/googleapis;https://github.com/googleapis/googleapis;https://github.com/googleapis/googleapis;-1;-1;0;-1;-3
pyxdg;;https://github.com/takluyver/pyxdg;;;;;https://github.com/takluyver/pyxdg;https://github.com/takluyver/pyxdg;https://github.com/takluyver/pyxdg;1;-1;0;1;1
proto-google-cloud-logging-v2;;;https://github.com/googleapis/googleapis;;https://github.com/googleapis/googleapis;https://github.com/googleapis/googleapis;https://github.com/googleapis/googleapis;https://github.com/googleapis/googleapis;https://github.com/googleapis/googleapis;-1;-1;0;-1;-3
xlwt;https://github.com/python-excel/xlwt;https://github.com/python-excel/xlwt;;;;;https://github.com/python-excel/xlwt;https://github.com/python-excel/xlwt;https://github.com/python-excel/xlwt;1;1;1;1;4
pygobject;;;;https://github.com/readthedocs/sphinx_rtd_theme;;;https://github.com/readthedocs/sphinx_rtd_theme;https://github.com/readthedocs/sphinx_rtd_theme;https://github.com/gnome/pygobject ;1;1;0;1;3
expiringdict;https://github.com/mailgun/expiringdict;;;;;;https://github.com/mailgun/expiringdict;https://github.com/mailgun/expiringdict;https://github.com/mailgun/expiringdict;1;1;0;1;3
tensorboard-plugin-wit;;;;;;https://github.com/pair-code/what-if-tool;;https://github.com/pair-code/what-if-tool;https://github.com/pair-code/what-if-tool;-1;-1;0;1;-1
heapdict;;https://github.com/danielstutzbach/heapdict;;;;;https://github.com/danielstutzbach/heapdict;https://github.com/danielstutzbach/heapdict;https://github.com/danielstutzbach/heapdict;1;1;0;1;3
tensorflow-gpu;;;;;https://github.com/tensorflow/tensorflow;https://github.com/tensorflow/tensorflow;https://github.com/tensorflow/tensorflow;https://github.com/tensorflow/tensorflow;https://github.com/tensorflow/tensorflow;1;-1;-1;1;0
zict;https://github.com/dask/zict;;;;;;https://github.com/dask/zict;https://github.com/dask/zict;https://github.com/dask/zict;1;1;0;1;3
hyperopt;;;;;;;;;https://github.com/hyperopt/hyperopt;1;-1;1;1;2
geopandas;;https://github.com/geopandas/geopandas;;;;;https://github.com/geopandas/geopandas;https://github.com/geopandas/geopandas;https://github.com/geopandas/geopandas;1;-1;0;1;1
webtest;;https://github.com/pylons/webtest;;;;;https://github.com/pylons/webtest;https://github.com/pylons/webtest;https://github.com/pylons/webtest;1;1;0;1;3
proto-google-cloud-datastore-v1;;;https://github.com/googleapis/googleapis;;https://github.com/googleapis/googleapis;https://github.com/googleapis/googleapis;https://github.com/googleapis/googleapis;https://github.com/googleapis/googleapis;https://github.com/googleapis/googleapis;-1;-1;0;-1;-3
anyjson;;;;;;https://github.com/ask/carrot;;https://github.com/ask/carrot;;0;0;0;0;0
msal-extensions;;;;https://github.com/azuread/microsoft-authentication-library-for-python;;https://github.com/azuread/microsoft-authentication-extensions-for-python;https://github.com/azuread/microsoft-authentication-library-for-python;https://github.com/azuread/microsoft-authentication-library-for-python;https://github.com/azuread/microsoft-authentication-extensions-for-python;-1;1;0;1;1
googledatastore;;;https://github.com/googlecloudplatform/google-cloud-datastore;;https://github.com/googlecloudplatform/google-cloud-datastore;https://github.com/googlecloudplatform/google-cloud-datastore;https://github.com/googlecloudplatform/google-cloud-datastore;https://github.com/googlecloudplatform/google-cloud-datastore;https://github.com/googlecloudplatform/google-cloud-datastore;-1;-1;0;1;-1
rospkg;;https://github.com/ros-infrastructure/rospkg;;;;;https://github.com/ros-infrastructure/rospkg;https://github.com/ros-infrastructure/rospkg;https://github.com/ros-infrastructure/rospkg;1;-1;0;1;1
datashape;https://github.com/blaze/datashape;https://github.com/blaze/datashape;;;;;https://github.com/blaze/datashape;https://github.com/blaze/datashape;https://github.com/blaze/datashape;1;1;1;1;4
statistics;;;;;;https://github.com/python/cpython;;https://github.com/python/cpython;https://github.com/digitalemagine/py-statistics;1;1;0;1;3
scikit-optimize;https://github.com/scikit-optimize/scikit-optimize;;;;;https://github.com/scikit-optimize/scikit-optimize;https://github.com/scikit-optimize/scikit-optimize;https://github.com/scikit-optimize/scikit-optimize;https://github.com/scikit-optimize/scikit-optimize;1;1;1;1;4
jupyterlab;https://github.com/jupyterlab/jupyterlab;;;https://github.com/jupyterlab/jupyterlab;;https://github.com/jupyterlab/jupyterlab;https://github.com/jupyterlab/jupyterlab;https://github.com/jupyterlab/jupyterlab;https://github.com/jupyterlab/jupyterlab;1;-1;1;1;2
theano;;;;;;;;;https://github.com/theano/theano;1;-1;0;1;1
cvxopt;;;;;;;;;https://github.com/cvxopt/cvxopt;1;-1;1;1;2
milksnake;;;;;;https://github.com/getsentry/milksnake;;https://github.com/getsentry/milksnake;https://github.com/getsentry/milksnake;1;-1;1;1;2
dotnetcore2;;;https://github.com/dotnet/core;;https://github.com/dotnet/core;https://github.com/dotnet/core;https://github.com/dotnet/core;https://github.com/dotnet/core;https://github.com/dotnet/core;1;-1;0;-1;-1
objectpath;https://github.com/adriank/objectpath;;;;;https://github.com/adriank/objectpath;https://github.com/adriank/objectpath;https://github.com/adriank/objectpath;https://github.com/adriank/objectpath;1;1;1;1;4
clickclick;https://github.com/hjacobs/python-clickclick;;;;;;https://github.com/hjacobs/python-clickclick;https://github.com/hjacobs/python-clickclick;;0;0;0;0;0
python-ldap;;https://github.com/python-ldap/python-ldap;;;;;https://github.com/python-ldap/python-ldap;https://github.com/python-ldap/python-ldap;https://github.com/python-ldap/python-ldap;1;-1;0;1;1
gapic-google-cloud-datastore-v1;;;https://github.com/googleapis/googleapis;;https://github.com/googleapis/googleapis;https://github.com/googleapis/googleapis;https://github.com/googleapis/googleapis;https://github.com/googleapis/googleapis;https://github.com/googleapis/googleapis;-1;-1;0;-1;-3
atlassian-jwt-auth;https://github.com/atlassian/asap-authentication-python;;;;;https://github.com/atlassian/asap-authentication-python;https://github.com/atlassian/asap-authentication-python;https://github.com/atlassian/asap-authentication-python;https://github.com/atlassian/asap-authentication-python;-1;1;1;1;2
tb-nightly;;;https://github.com/tensorflow/tensorboard;;https://github.com/tensorflow/tensorboard;https://github.com/tensorflow/tensorboard;https://github.com/tensorflow/tensorboard;https://github.com/tensorflow/tensorboard;https://github.com/tensorflow/tensorboard;-1;-1;0;1;-1
mpi4py;;;;;;;;;https://github.com/mpi4py/mpi4py;1;-1;0;1;1
snowflake-sqlalchemy;;;;;;https://github.com/snowflakedb/snowflake-sqlalchemy;;https://github.com/snowflakedb/snowflake-sqlalchemy;https://github.com/snowflakedb/snowflake-sqlalchemy;1;-1;1;1;2
ibm-db-sa;;;;;;https://github.com/ibmdb/python-ibmdbsa;;https://github.com/ibmdb/python-ibmdbsa;https://github.com/ibmdb/python-ibmdbsa;-1;1;0;1;1
wget;;;;;;;;;https://github.com/steveej/python-wget;1;-1;0;1;1
clickhouse-cityhash;;;https://github.com/xzkostyan/python-cityhash;;https://github.com/xzkostyan/python-cityhash;https://github.com/xzkostyan/python-cityhash;https://github.com/xzkostyan/python-cityhash;https://github.com/xzkostyan/python-cityhash;https://github.com/xzkostyan/python-cityhash;-1;-1;0;1;-1
httpretty;https://github.com/gabrielfalcao/httpretty;;;https://github.com/gabrielfalcao/httpretty;;https://github.com/gabrielfalcao/httpretty;https://github.com/gabrielfalcao/httpretty;https://github.com/gabrielfalcao/httpretty;https://github.com/gabrielfalcao/httpretty;1;-1;1;1;2
azureml-sdk;;;;;;https://github.com/azure/machinelearningnotebooks;;https://github.com/azure/machinelearningnotebooks;https://github.com/azure/machinelearningnotebooks;-1;-1;0;1;-1
pywebhdfs;https://github.com/pywebhdfs/pywebhdfs;;;;;;https://github.com/pywebhdfs/pywebhdfs;https://github.com/pywebhdfs/pywebhdfs;https://github.com/pywebhdfs/pywebhdfs;1;-1;0;1;1
virtualenvwrapper;;;;https://github.com/readthedocs/sphinx_rtd_theme;;;https://github.com/readthedocs/sphinx_rtd_theme;https://github.com/readthedocs/sphinx_rtd_theme;;0;0;0;0;0
mkdocs;;https://github.com/mkdocs/mkdocs;;;;;https://github.com/mkdocs/mkdocs;https://github.com/mkdocs/mkdocs;https://github.com/mkdocs/mkdocs;1;-1;1;1;2
hashids;https://github.com/davidaurelio/hashids-python;;;;;;https://github.com/davidaurelio/hashids-python;https://github.com/davidaurelio/hashids-python;https://github.com/davidaurelio/hashids-python;1;1;0;1;3
mongomock;;;;;;;;;https://github.com/mongomock/mongomock;1;-1;1;1;2
locustio;;https://github.com/locustio/locust;;;;;https://github.com/locustio/locust;https://github.com/locustio/locust;https://github.com/locustio/locust;1;-1;-1;1;0
dash;https://github.com/plotly/dash;https://github.com/plotly/jupyter-dash;;;;https://github.com/plotly/dash;https://github.com/plotly/dash;https://github.com/plotly/dash;https://github.com/plotly/dash;1;1;1;1;4
ninja;https://github.com/scikit-build/ninja-python-distributions;https://github.com/ninja-build/ninja;;https://github.com/scikit-build/scikit-build;https://github.com/ninja-build/ninja;https://github.com/scikit-build/ninja-python-distributions;https://github.com/ninja-build/ninja;https://github.com/ninja-build/ninja;https://github.com/scikit-build/ninja-python-distributions;1;1;1;1;4
cftime;https://github.com/unidata/cftime;;;;;https://github.com/unidata/cftime;https://github.com/unidata/cftime;https://github.com/unidata/cftime;https://github.com/unidata/cftime;1;1;1;1;4
libsass;;https://github.com/sass/libsass;;;https://github.com/sass/libsass-python;https://github.com/sass/libsass;https://github.com/sass/libsass;https://github.com/sass/libsass;https://github.com/sass/libsass-python;1;1;1;1;4
urwid;;https://github.com/urwid/urwid;;;;;https://github.com/urwid/urwid;https://github.com/urwid/urwid;https://github.com/urwid/urwid;1;1;1;1;4
tf-estimator-nightly;;;;;https://github.com/tensorflow/estimator;https://github.com/tensorflow/estimator;https://github.com/tensorflow/estimator;https://github.com/tensorflow/estimator;https://github.com/tensorflow/estimator;1;-1;0;1;1
capstone;;https://github.com/aquynh/capstone;;;;;https://github.com/aquynh/capstone;https://github.com/aquynh/capstone;https://github.com/aquynh/capstone;1;-1;1;1;2
pyusb;;https://github.com/pyusb/pyusb;;;;;https://github.com/pyusb/pyusb;https://github.com/pyusb/pyusb;https://github.com/pyusb/pyusb;1;-1;0;1;1
pathlib-mate;https://github.com/machu-gwu/pathlib_mate-project;;;;;https://github.com/machu-gwu/pathlib_mate-project;https://github.com/machu-gwu/pathlib_mate-project;https://github.com/machu-gwu/pathlib_mate-project;https://github.com/machu-gwu/pathlib_mate-project;-1;1;1;1;2
brunel;;;;;;https://github.com/brunel-visualization/brunel;;https://github.com/brunel-visualization/brunel;https://github.com/brunel-visualization/brunel;1;-1;0;-1;-1
request;;;;;;;;;;0;0;0;0;0
post;;;;;;;;;;0;0;0;0;0
boxsdk;https://github.com/box/box-python-sdk;;;https://github.com/box/box-python-sdk;;https://github.com/box/box-python-sdk;https://github.com/box/box-python-sdk;https://github.com/box/box-python-sdk;https://github.com/box/box-python-sdk;-1;1;1;1;2
gapic-google-cloud-error-reporting-v1beta1;;;https://github.com/googleapis/googleapis;;https://github.com/googleapis/googleapis;https://github.com/googleapis/googleapis;https://github.com/googleapis/googleapis;https://github.com/googleapis/googleapis;https://github.com/googleapis/googleapis;-1;-1;0;-1;-3
proto-google-cloud-error-reporting-v1beta1;;;https://github.com/googleapis/googleapis;;https://github.com/googleapis/googleapis;https://github.com/googleapis/googleapis;https://github.com/googleapis/googleapis;https://github.com/googleapis/googleapis;https://github.com/googleapis/googleapis;-1;-1;0;-1;-3
ipyparallel;;;;https://github.com/ipython/ipyparallel;;;https://github.com/ipython/ipyparallel;https://github.com/ipython/ipyparallel;https://github.com/ipython/ipyparallel;1;-1;0;1;1
platformio;https://github.com/platformio/platformio-examples;;;;;https://github.com/platformio/platformio-core;https://github.com/platformio/platformio-examples;https://github.com/platformio/platformio-examples;https://github.com/platformio/platformio-core;1;1;1;1;4
gevent-websocket;;;;;;https://github.com/methane/wsaccel;;https://github.com/methane/wsaccel;https://github.com/jgelens/gevent-websocket;1;-1;0;1;1
routes;;;;https://github.com/bbangert/routes;;;https://github.com/bbangert/routes;https://github.com/bbangert/routes;https://github.com/bbangert/routes;1;-1;0;1;1
pylibmc;https://github.com/lericson/pylibmc;https://github.com/lericson/pylibmc;;;;;https://github.com/lericson/pylibmc;https://github.com/lericson/pylibmc;https://github.com/lericson/pylibmc;1;1;0;1;3
konlpy;;https://github.com/konlpy/konlpy;;;;;https://github.com/konlpy/konlpy;https://github.com/konlpy/konlpy;https://github.com/konlpy/konlpy;1;-1;1;1;2
palettable;https://github.com/jiffyclub/palettable;https://github.com/jiffyclub/palettable;;;;;https://github.com/jiffyclub/palettable;https://github.com/jiffyclub/palettable;https://github.com/jiffyclub/palettable;1;1;1;1;4
django-rest-framework;;https://github.com/encode/django-rest-framework;;;;;https://github.com/encode/django-rest-framework;https://github.com/encode/django-rest-framework;https://github.com/encode/django-rest-framework;1;-1;-1;1;0
geoalchemy2;;;;https://github.com/geoalchemy/geoalchemy2;;;https://github.com/geoalchemy/geoalchemy2;https://github.com/geoalchemy/geoalchemy2;https://github.com/geoalchemy/geoalchemy2;1;1;0;1;3
httpagentparser;https://github.com/shon/httpagentparser;https://github.com/shon/httpagentparser;;;;;https://github.com/shon/httpagentparser;https://github.com/shon/httpagentparser;https://github.com/shon/httpagentparser;1;1;1;1;4
mando;https://github.com/rubik/mando;https://github.com/rubik/mando;;;;;https://github.com/rubik/mando;https://github.com/rubik/mando;https://github.com/rubik/mando;1;1;1;1;4
logging;;;;;;;;;;0;0;0;0;0
mkdocs-material;https://github.com/squidfunk/mkdocs-material;https://github.com/squidfunk/mkdocs-material;;https://github.com/salesforce/policy_sentry;;https://github.com/squidfunk/mkdocs-material;https://github.com/squidfunk/mkdocs-material;https://github.com/squidfunk/mkdocs-material;https://github.com/squidfunk/mkdocs-material;1;-1;1;-1;0
hacs-frontend;;;https://github.com/hacs/frontend;;https://github.com/hacs/frontend;https://github.com/hacs/frontend;https://github.com/hacs/frontend;https://github.com/hacs/frontend;https://github.com/hacs/frontend;1;-1;0;-1;-1
github3-py;;;;https://github.com/sigmavirus24/github3.py;;;https://github.com/sigmavirus24/github3.py;https://github.com/sigmavirus24/github3.py;https://github.com/sigmavirus24/github3.py;1;1;0;1;3
numpydoc;https://github.com/numpy/numpydoc;https://github.com/numpy/numpydoc;;https://github.com/numpy/numpydoc;;;https://github.com/numpy/numpydoc;https://github.com/numpy/numpydoc;https://github.com/numpy/numpydoc;1;1;0;1;3
progressbar;;https://github.com/niltonvolpato/python-progressbar;;;;;https://github.com/niltonvolpato/python-progressbar;https://github.com/niltonvolpato/python-progressbar;https://github.com/niltonvolpato/python-progressbar;1;1;0;1;3
ur-rtde;;;;;;https://github.com/universalrobots/universal_robots_ros_driver;;https://github.com/universalrobots/universal_robots_ros_driver;;0;0;0;0;0
chart-studio;;;;;https://github.com/plotly/plotly.py;https://github.com/plotly/ruby-api;https://github.com/plotly/plotly.py;https://github.com/plotly/plotly.py;https://github.com/plotly/plotly.py;-1;-1;-1;1;-2
h2o-pysparkling-2-4;;;https://github.com/h2oai/sparkling-water;;https://github.com/h2oai/sparkling-water;https://github.com/h2oai/sparkling-water;https://github.com/h2oai/sparkling-water;https://github.com/h2oai/sparkling-water;https://github.com/h2oai/sparkling-water;-1;-1;0;1;-1
jupyter-latex-envs;;;https://github.com/jfbercher/jupyter_latex_envs;;https://github.com/jfbercher/jupyter_latex_envs;https://github.com/jfbercher/jupyter_latex_envs;https://github.com/jfbercher/jupyter_latex_envs;https://github.com/jfbercher/jupyter_latex_envs;https://github.com/jfbercher/jupyter_latex_envs;-1;-1;0;1;-1
grpc-google-logging-v2;;;https://github.com/googleapis/googleapis;;https://github.com/googleapis/googleapis;https://github.com/googleapis/googleapis;https://github.com/googleapis/googleapis;https://github.com/googleapis/googleapis;https://github.com/googleapis/googleapis;-1;-1;0;-1;-3
grpc-google-pubsub-v1;;;https://github.com/googleapis/googleapis;;https://github.com/googleapis/googleapis;https://github.com/googleapis/googleapis;https://github.com/googleapis/googleapis;https://github.com/googleapis/googleapis;https://github.com/googleapis/googleapis;-1;-1;0;-1;-3
gax-google-logging-v2;;;https://github.com/googleapis/googleapis;;https://github.com/googleapis/googleapis;https://github.com/googleapis/googleapis;https://github.com/googleapis/googleapis;https://github.com/googleapis/googleapis;https://github.com/googleapis/googleapis;-1;-1;0;-1;-3
gax-google-pubsub-v1;;;https://github.com/googleapis/googleapis;;https://github.com/googleapis/googleapis;https://github.com/googleapis/googleapis;https://github.com/googleapis/googleapis;https://github.com/googleapis/googleapis;https://github.com/googleapis/googleapis;-1;-1;0;-1;-3
proto-google-cloud-pubsub-v1;;;https://github.com/googleapis/googleapis;;https://github.com/googleapis/googleapis;https://github.com/googleapis/googleapis;https://github.com/googleapis/googleapis;https://github.com/googleapis/googleapis;https://github.com/googleapis/googleapis;-1;-1;0;-1;-3
gapic-google-cloud-pubsub-v1;;;https://github.com/googleapis/googleapis;;https://github.com/googleapis/googleapis;https://github.com/googleapis/googleapis;https://github.com/googleapis/googleapis;https://github.com/googleapis/googleapis;https://github.com/googleapis/googleapis;-1;-1;0;-1;-3
protorpc;;https://github.com/google/protorpc;;;;;https://github.com/google/protorpc;https://github.com/google/protorpc;https://github.com/google/protorpc;1;-1;0;1;1
hacking;;;;;;https://github.com/pycqa/pycodestyle;;https://github.com/pycqa/pycodestyle;https://github.com/openstack/hacking;1;1;0;1;3
pywinauto;;;;https://github.com/pywinauto/pywinauto;;;https://github.com/pywinauto/pywinauto;https://github.com/pywinauto/pywinauto;https://github.com/pywinauto/pywinauto;1;-1;0;1;1
onnxruntime;;;;;https://github.com/microsoft/onnxruntime;https://github.com/microsoft/onnxruntime;https://github.com/microsoft/onnxruntime;https://github.com/microsoft/onnxruntime;https://github.com/microsoft/onnxruntime;1;-1;0;1;1
limits;;https://github.com/alisaifee/limits;;;;;https://github.com/alisaifee/limits;https://github.com/alisaifee/limits;https://github.com/alisaifee/limits;1;1;1;1;4
ortools;;;;;https://github.com/google/or-tools;https://github.com/google/or-tools;https://github.com/google/or-tools;https://github.com/google/or-tools;https://github.com/google/or-tools;1;-1;1;1;2
htcondor;;;;https://github.com/htcondor/htcondor;;;https://github.com/htcondor/htcondor;https://github.com/htcondor/htcondor;https://github.com/htcondor/htcondor;1;-1;0;1;1
civis;https://github.com/civisanalytics/civis-python;;;https://github.com/civisanalytics/civis-python;;https://github.com/civisanalytics/civis-python;https://github.com/civisanalytics/civis-python;https://github.com/civisanalytics/civis-python;https://github.com/civisanalytics/civis-python;1;1;1;1;4
m2crypto;;;;;;;;;https://github.com/m2crypto/m2crypto;1;-1;0;1;1
deepmerge;https://github.com/toumorokoshi/deepmerge;https://github.com/toumorokoshi/deepmerge;;https://github.com/toumorokoshi/deepmerge;;;https://github.com/toumorokoshi/deepmerge;https://github.com/toumorokoshi/deepmerge;https://github.com/toumorokoshi/deepmerge;1;1;0;1;3
compatibility-lib;;;;;https://github.com/googlecloudplatform/cloud-opensource-python;https://github.com/googlecloudplatform/cloud-opensource-python;https://github.com/googlecloudplatform/cloud-opensource-python;https://github.com/googlecloudplatform/cloud-opensource-python;https://github.com/googlecloudplatform/cloud-opensource-python;-1;-1;1;1;0
osqp;https://github.com/oxfordcontrol/osqp-python;https://github.com/oxfordcontrol/osqp;;;;https://github.com/oxfordcontrol/osqp-python;https://github.com/oxfordcontrol/osqp;https://github.com/oxfordcontrol/osqp;https://github.com/oxfordcontrol/osqp-python;1;-1;0;1;1
gsutil;;https://github.com/googlecloudplatform/gsutil;;;;;https://github.com/googlecloudplatform/gsutil;https://github.com/googlecloudplatform/gsutil;https://github.com/googlecloudplatform/gsutil;1;-1;0;1;1
maturin;https://github.com/pyo3/maturin;;;https://github.com/tox-dev/tox;;https://github.com/pyo3/maturin;https://github.com/pyo3/maturin;https://github.com/pyo3/maturin;https://github.com/pyo3/maturin;1;1;1;1;4
img2pdf;https://github.com/josch/img2pdf;;;;;;https://github.com/josch/img2pdf;https://github.com/josch/img2pdf;https://github.com/josch/img2pdf;1;1;0;1;3
sphinx-autobuild;;;;;;;;;https://github.com/garetjax/sphinx-autobuild;1;1;0;1;3
tlslite;;;;;;https://github.com/moxie0/convergence;;https://github.com/moxie0/convergence;https://github.com/trevp/tlslite;1;1;0;1;3
pytest-pep8;;;;;;https://github.com/pycqa/pycodestyle;;https://github.com/pycqa/pycodestyle;https://github.com/davidraleigh/pytest-pep8;1;-1;0;1;1
scs;;;https://github.com/cvxgrp/scs;;https://github.com/cvxgrp/scs;https://github.com/cvxgrp/scs;https://github.com/cvxgrp/scs;https://github.com/cvxgrp/scs;https://github.com/cvxgrp/scs;1;-1;0;-1;-1
ecos;;https://github.com/embotech/ecos;https://github.com/embotech/ecos;;https://github.com/embotech/ecos;https://github.com/embotech/ecos;https://github.com/embotech/ecos;https://github.com/embotech/ecos;https://github.com/embotech/ecos;1;-1;0;-1;-1
createsend;;https://github.com/campaignmonitor/createsend-python;;;;;https://github.com/campaignmonitor/createsend-python;https://github.com/campaignmonitor/createsend-python;https://github.com/campaignmonitor/createsend-python;1;-1;0;1;1
django-haystack;https://github.com/django-haystack/django-haystack;https://github.com/django-haystack/django-haystack;;https://github.com/django-haystack/django-haystack;;;https://github.com/django-haystack/django-haystack;https://github.com/django-haystack/django-haystack;https://github.com/django-haystack/django-haystack;1;1;0;1;3
rpy2;;https://github.com/rpy2/rpy2;;;;;https://github.com/rpy2/rpy2;https://github.com/rpy2/rpy2;https://github.com/rpy2/rpy2;1;-1;1;1;2
fastcluster;;;;;;https://github.com/dmuellner/fastcluster;;https://github.com/dmuellner/fastcluster;https://github.com/dmuellner/fastcluster;1;-1;0;1;1
nimbusml;;;;;;https://github.com/microsoft/nimbusml;;https://github.com/microsoft/nimbusml;https://github.com/microsoft/nimbusml;1;-1;0;1;1
python-heatclient;;https://github.com/openstack/python-heatclient;;;;;https://github.com/openstack/python-heatclient;https://github.com/openstack/python-heatclient;https://github.com/openstack/python-heatclient;1;1;1;1;4
peakutils;;;;https://github.com/irskep/sphinx-better-theme;;;https://github.com/irskep/sphinx-better-theme;https://github.com/irskep/sphinx-better-theme;https://github.com/lucashn/peakutils;1;1;0;1;3
testresources;;;;;;;;;https://github.com/testing-cabal/testresources;1;1;0;1;3
construct;;https://github.com/construct/construct;;;;;https://github.com/construct/construct;https://github.com/construct/construct;https://github.com/construct/construct;1;-1;0;1;1
asyncssh;;;;https://github.com/ronf/asyncssh;;https://github.com/ronf/asyncssh;https://github.com/ronf/asyncssh;https://github.com/ronf/asyncssh;https://github.com/ronf/asyncssh;1;1;0;1;3
twitter-common-lang;;;https://github.com/twitter-archive/commons;;https://github.com/twitter-archive/commons;https://github.com/twitter-archive/commons;https://github.com/twitter-archive/commons;https://github.com/twitter-archive/commons;https://github.com/twitter-archive/commons;-1;-1;0;1;-1
twitter-common-dirutil;;;https://github.com/twitter-archive/commons;;https://github.com/twitter-archive/commons;https://github.com/twitter-archive/commons;https://github.com/twitter-archive/commons;https://github.com/twitter-archive/commons;https://github.com/twitter-archive/commons;-1;-1;0;1;-1
pycontracts;;;;;https://github.com/andreacensi/contracts;https://github.com/andreacensi/contracts;https://github.com/andreacensi/contracts;https://github.com/andreacensi/contracts;https://github.com/andreacensi/contracts;1;1;0;1;3
twitter-common-options;;;https://github.com/twitter-archive/commons;;https://github.com/twitter-archive/commons;https://github.com/twitter-archive/commons;https://github.com/twitter-archive/commons;https://github.com/twitter-archive/commons;https://github.com/twitter-archive/commons;-1;-1;0;1;-1
twitter-common-log;;;https://github.com/twitter-archive/commons;;https://github.com/twitter-archive/commons;https://github.com/twitter-archive/commons;https://github.com/twitter-archive/commons;https://github.com/twitter-archive/commons;https://github.com/twitter-archive/commons;-1;-1;0;1;-1
flask-debugtoolbar;https://github.com/flask-debugtoolbar/flask-debugtoolbar;https://github.com/flask-debugtoolbar/flask-debugtoolbar;;https://github.com/flask-debugtoolbar/flask-debugtoolbar;;https://github.com/jazzband/django-debug-toolbar;https://github.com/flask-debugtoolbar/flask-debugtoolbar;https://github.com/flask-debugtoolbar/flask-debugtoolbar;https://github.com/flask-debugtoolbar/flask-debugtoolbar;1;-1;0;1;1
testrepository;;https://github.com/testing-cabal/testrepository;;;;;https://github.com/testing-cabal/testrepository;https://github.com/testing-cabal/testrepository;https://github.com/testing-cabal/testrepository;1;1;0;1;3
comet-ml;;;;;;;;;https://github.com/comet-ml/comet-ml;1;-1;1;0;1
pyopengl;https://github.com/mcfletch/pyopengl;;;;;https://github.com/mcfletch/pyopengl;https://github.com/mcfletch/pyopengl;https://github.com/mcfletch/pyopengl;https://github.com/mcfletch/pyopengl;1;1;1;1;4
eyed3;https://github.com/nicfit/eyed3;;;;;https://github.com/nicfit/eyed3;https://github.com/nicfit/eyed3;https://github.com/nicfit/eyed3;https://github.com/nicfit/eyed3;1;1;1;1;4
meson;;https://github.com/mesonbuild/meson;;;;;https://github.com/mesonbuild/meson;https://github.com/mesonbuild/meson;https://github.com/mesonbuild/meson;1;-1;1;1;2
pysmb;;https://github.com/miketeo/pysmb;;;;;https://github.com/miketeo/pysmb;https://github.com/miketeo/pysmb;https://github.com/miketeo/pysmb;1;1;0;1;3
gdata;;https://github.com/google/gdata-python-client;;;;;https://github.com/google/gdata-python-client;https://github.com/google/gdata-python-client;https://github.com/google/gdata-python-client;1;-1;0;1;1
homeassistant;;;;;https://github.com/home-assistant/core;https://github.com/home-assistant/core;https://github.com/home-assistant/core;https://github.com/home-assistant/core;https://github.com/home-assistant/core;-1;1;0;1;1
oss2;https://github.com/aliyun/aliyun-oss-python-sdk;;;;;https://github.com/aliyun/aliyun-oss-python-sdk;https://github.com/aliyun/aliyun-oss-python-sdk;https://github.com/aliyun/aliyun-oss-python-sdk;https://github.com/aliyun/aliyun-oss-python-sdk;-1;-1;1;1;0
pylama;;;;;;https://github.com/klen/pylama;;https://github.com/klen/pylama;https://github.com/klen/pylama;1;-1;0;1;1
tf-nightly;;;;;https://github.com/tensorflow/tensorflow;https://github.com/tensorflow/tensorflow;https://github.com/tensorflow/tensorflow;https://github.com/tensorflow/tensorflow;https://github.com/tensorflow/tensorflow;-1;-1;-1;1;-2
wxpython;;;;;;https://github.com/wxwidgets/phoenix;;https://github.com/wxwidgets/phoenix;https://github.com/wxwidgets/phoenix;-1;1;0;1;1
deap;https://github.com/deap/deap;;;https://github.com/soravux/scoop;;https://github.com/deap/deap;https://github.com/deap/deap;https://github.com/deap/deap;https://github.com/deap/deap;1;-1;1;1;2
patool;;https://github.com/wummel/patool;;;;;https://github.com/wummel/patool;https://github.com/wummel/patool;https://github.com/wummel/patool;1;1;0;1;3
django-configurations;https://github.com/jazzband/django-configurations;https://github.com/jazzband/django-configurations;;https://github.com/jazzband/django-configurations;;;https://github.com/jazzband/django-configurations;https://github.com/jazzband/django-configurations;https://github.com/jazzband/django-configurations;1;1;1;1;4
keystonemiddleware;;https://github.com/openstack/keystonemiddleware;;;;https://github.com/openstack/keystone;https://github.com/openstack/keystonemiddleware;https://github.com/openstack/keystonemiddleware;https://github.com/openstack/keystonemiddleware;1;1;1;1;4
ipfshttpclient;https://github.com/richardlitt/standard-readme;;;https://github.com/python/mypy;;https://github.com/ipfs-shipyard/py-ipfs-http-client;https://github.com/richardlitt/standard-readme;https://github.com/richardlitt/standard-readme;https://github.com/ipfs-shipyard/py-ipfs-http-client;-1;1;1;1;2
pyramid-tm;https://github.com/pylons/pyramid_tm;;;;;https://github.com/pylons/pyramid_tm;https://github.com/pylons/pyramid_tm;https://github.com/pylons/pyramid_tm;https://github.com/pylons/pyramid_tm;1;-1;0;1;1
pysolar;;https://github.com/pingswept/pysolar;;;;;https://github.com/pingswept/pysolar;https://github.com/pingswept/pysolar;https://github.com/pingswept/pysolar;1;-1;0;1;1
aiokafka;;https://github.com/aio-libs/aiokafka;;;;;https://github.com/aio-libs/aiokafka;https://github.com/aio-libs/aiokafka;https://github.com/aio-libs/aiokafka;1;1;0;1;3
ovs;;https://github.com/openvswitch/ovs;;;;;https://github.com/openvswitch/ovs;https://github.com/openvswitch/ovs;https://github.com/openvswitch/ovs;1;-1;0;1;1
pyminizip;;https://github.com/smihica/pyminizip;https://github.com/smihica/pyminizip;;https://github.com/smihica/pyminizip;https://github.com/smihica/pyminizip;https://github.com/smihica/pyminizip;https://github.com/smihica/pyminizip;https://github.com/smihica/pyminizip;1;1;0;-1;1
web-py;https://github.com/webpy/webpy;;;;;https://github.com/webpy/webpy;https://github.com/webpy/webpy;https://github.com/webpy/webpy;https://github.com/webpy/webpy;1;-1;0;1;1
websocket;;;;;;;;;;0;0;0;0;0
petname;;;;;;;;;https://github.com/dustinkirkland/python-petname;1;-1;0;1;1
repoze-who;https://github.com/repoze/repoze.who;;;;;;https://github.com/repoze/repoze.who;https://github.com/repoze/repoze.who;https://github.com/repoze/repoze.who;1;1;1;1;4
sphinxcontrib-napoleon;;;;https://github.com/numpy/numpy;;https://github.com/numpy/numpy;https://github.com/numpy/numpy;https://github.com/numpy/numpy;https://github.com/sphinx-contrib/napoleon;1;1;0;1;3
azure-functions;;;;;;https://github.com/azure/azure-functions-ux;;https://github.com/azure/azure-functions-ux;https://github.com/azure/azure-functions-python-library;1;1;0;1;3
xstatic-bootstrap-scss;;;https://github.com/twbs/bootstrap-sass;;https://github.com/twbs/bootstrap-sass;https://github.com/twbs/bootstrap-sass;https://github.com/twbs/bootstrap-sass;https://github.com/twbs/bootstrap-sass;https://github.com/openstack/xstatic-bootstrap-scss;1;1;0;1;3
pycld2;https://github.com/abosamoor/pycld2;https://github.com/abosamoor/pycld2;https://github.com/abosamoor/pycld2;;https://github.com/abosamoor/pycld2;https://github.com/abosamoor/pycld2;https://github.com/abosamoor/pycld2;https://github.com/abosamoor/pycld2;https://github.com/abosamoor/pycld2;1;1;1;-1;2
pbkdf2;;https://github.com/dlitz/python-pbkdf2;;;;;https://github.com/dlitz/python-pbkdf2;https://github.com/dlitz/python-pbkdf2;https://github.com/dlitz/python-pbkdf2;1;-1;0;1;1
googleappenginecloudstorageclient;;;https://github.com/googlecloudplatform/appengine-gcs-client;;https://github.com/googlecloudplatform/appengine-gcs-client;https://github.com/googlecloudplatform/appengine-gcs-client;https://github.com/googlecloudplatform/appengine-gcs-client;https://github.com/googlecloudplatform/appengine-gcs-client;https://github.com/googlecloudplatform/appengine-gcs-client;-1;-1;0;1;-1
bashate;;;;;;https://github.com/pycqa/pycodestyle;;https://github.com/pycqa/pycodestyle;https://github.com/openstack/bashate;1;1;0;1;3
xlutils;https://github.com/python-excel/xlutils;https://github.com/python-excel/xlutils;;;;;https://github.com/python-excel/xlutils;https://github.com/python-excel/xlutils;https://github.com/python-excel/xlutils;1;1;1;1;4
cloudinary;;;;;;https://github.com/cloudinary/pycloudinary;;https://github.com/cloudinary/pycloudinary;https://github.com/cloudinary/pycloudinary;1;-1;0;1;1
fastai;https://github.com/fastai/docker-containers;;;;https://github.com/fastai/fastai;https://github.com/fastai/fastai;https://github.com/fastai/docker-containers;https://github.com/fastai/docker-containers;https://github.com/fastai/fastai;1;1;1;1;4
twitter;https://github.com/python-twitter-tools/twitter;https://github.com/python-twitter-tools/twitter;;;;;https://github.com/python-twitter-tools/twitter;https://github.com/python-twitter-tools/twitter;https://github.com/sixohsix/twitter;1;1;0;1;3
atpublic;;;;https://github.com/readthedocs/sphinx_rtd_theme;;;https://github.com/readthedocs/sphinx_rtd_theme;https://github.com/readthedocs/sphinx_rtd_theme;;0;0;0;0;0
faulthandler;https://github.com/vstinner/faulthandler;;;;;;https://github.com/vstinner/faulthandler;https://github.com/vstinner/faulthandler;https://github.com/vstinner/faulthandler;1;1;1;1;4
streamlit;;;;;;;;;https://github.com/streamlit/streamlit;1;-1;0;1;1
os-testr;;;;https://github.com/mtreinish/stestr;;;https://github.com/mtreinish/stestr;https://github.com/mtreinish/stestr;https://github.com/openstack/os-testr;1;1;1;1;4
blaze;https://github.com/blaze/blaze;;;;;https://github.com/blaze/blaze;https://github.com/blaze/blaze;https://github.com/blaze/blaze;https://github.com/blaze/blaze;1;1;0;1;3
carbon;;https://github.com/graphite-project/carbon;;;;https://github.com/graphite-project/graphite-web;https://github.com/graphite-project/carbon;https://github.com/graphite-project/carbon;https://github.com/graphite-project/carbon;1;-1;0;1;1
jsonpath;;https://github.com/masukomi/jsonpath-perl;;;;https://github.com/masukomi/jsonpath-perl;https://github.com/masukomi/jsonpath-perl;https://github.com/masukomi/jsonpath-perl;;0;0;0;0;0
pyramid-debugtoolbar;;;;;;https://github.com/pylons/pyramid_debugtoolbar;;https://github.com/pylons/pyramid_debugtoolbar;https://github.com/pylons/pyramid_debugtoolbar;1;1;0;1;3
pathmatch;;https://github.com/demurgos/py-pathmatch;https://github.com/demurgos/py-pathmatch;;;;https://github.com/demurgos/py-pathmatch;https://github.com/demurgos/py-pathmatch;https://github.com/demurgos/py-pathmatch;1;1;0;1;3
jenkins-job-builder;;;;https://github.com/readthedocs/sphinx_rtd_theme;;;https://github.com/readthedocs/sphinx_rtd_theme;https://github.com/readthedocs/sphinx_rtd_theme;;0;0;0;0;0
kivy;;;;;;;;;https://github.com/kivy/kivy;1;-1;0;1;1
json-encoder;https://github.com/nzme/json-encoder;;;;;;https://github.com/nzme/json-encoder;https://github.com/nzme/json-encoder;https://github.com/nzme/json-encoder;1;1;1;1;4
google-python-cloud-debugger;;;https://github.com/googlecloudplatform/cloud-debug-python;;https://github.com/googlecloudplatform/cloud-debug-python;https://github.com/googlecloudplatform/cloud-debug-python;https://github.com/googlecloudplatform/cloud-debug-python;https://github.com/googlecloudplatform/cloud-debug-python;https://github.com/googlecloudplatform/cloud-debug-python;-1;-1;0;1;-1
kfp-server-api;;;https://github.com/kubeflow/pipelines;;https://github.com/kubeflow/pipelines;https://github.com/kubeflow/pipelines;https://github.com/kubeflow/pipelines;https://github.com/kubeflow/pipelines;https://github.com/kubeflow/pipelines;-1;-1;0;1;-1
simplekml;;https://github.com/eisoldt/simplekml;;;;;https://github.com/eisoldt/simplekml;https://github.com/eisoldt/simplekml;https://github.com/eisoldt/simplekml;1;1;0;1;3
pyviz-comms;;;;;;;;;https://github.com/holoviz/pyviz_comms;1;1;0;1;3
browsermob-proxy;;https://github.com/automatedtester/browsermob-proxy-py;;;;;https://github.com/automatedtester/browsermob-proxy-py;https://github.com/automatedtester/browsermob-proxy-py;https://github.com/automatedtester/browsermob-proxy-py;1;-1;0;1;1
pycountry-convert;;;;https://github.com/readthedocs/sphinx_rtd_theme;;;https://github.com/readthedocs/sphinx_rtd_theme;https://github.com/readthedocs/sphinx_rtd_theme;;0;0;0;0;0
http-ece;;;https://github.com/web-push-libs/encrypted-content-encoding;;https://github.com/web-push-libs/encrypted-content-encoding;https://github.com/web-push-libs/encrypted-content-encoding;https://github.com/web-push-libs/encrypted-content-encoding;https://github.com/web-push-libs/encrypted-content-encoding;https://github.com/web-push-libs/encrypted-content-encoding;-1;-1;0;1;-1
gdal;;https://github.com/osgeo/gdal;;;;;https://github.com/osgeo/gdal;https://github.com/osgeo/gdal;https://github.com/osgeo/gdal;1;-1;0;1;1
positional;https://github.com/morganfainberg/positional;;;;;;https://github.com/morganfainberg/positional;https://github.com/morganfainberg/positional;https://github.com/morganfainberg/positional;1;1;0;1;3
bpython;;;;;;;;;https://github.com/bpython/bpython;1;-1;1;1;2
holoviews;https://github.com/holoviz/holoviews;;;;;https://github.com/holoviz/holoviews;https://github.com/holoviz/holoviews;https://github.com/holoviz/holoviews;https://github.com/holoviz/holoviews;1;1;1;1;4
taskflow;;;;;;;;;https://github.com/openstack/taskflow;1;1;1;1;4
netstorageapi;https://github.com/akamai/netstoragekit-python;;;;;;https://github.com/akamai/netstoragekit-python;https://github.com/akamai/netstoragekit-python;https://github.com/akamai/netstoragekit-python;-1;1;1;1;2
hpsklearn;;;;;https://github.com/hyperopt/hyperopt-sklearn;https://github.com/hyperopt/hyperopt-sklearn;https://github.com/hyperopt/hyperopt-sklearn;https://github.com/hyperopt/hyperopt-sklearn;https://github.com/hyperopt/hyperopt-sklearn;-1;1;0;1;1
twitter-common-confluence;;;https://github.com/twitter-archive/commons;;https://github.com/twitter-archive/commons;https://github.com/twitter-archive/commons;https://github.com/twitter-archive/commons;https://github.com/twitter-archive/commons;https://github.com/twitter-archive/commons;-1;-1;0;1;-1
proto-google-cloud-spanner-v1;;;https://github.com/googleapis/googleapis;;https://github.com/googleapis/googleapis;https://github.com/googleapis/googleapis;https://github.com/googleapis/googleapis;https://github.com/googleapis/googleapis;https://github.com/googleapis/googleapis;-1;-1;0;-1;-3
gapic-google-cloud-spanner-v1;;;https://github.com/googleapis/googleapis;;https://github.com/googleapis/googleapis;https://github.com/googleapis/googleapis;https://github.com/googleapis/googleapis;https://github.com/googleapis/googleapis;https://github.com/googleapis/googleapis;-1;-1;0;-1;-3
gapic-google-cloud-spanner-admin-instance-v1;;;https://github.com/googleapis/googleapis;;https://github.com/googleapis/googleapis;https://github.com/googleapis/googleapis;https://github.com/googleapis/googleapis;https://github.com/googleapis/googleapis;https://github.com/googleapis/googleapis;-1;-1;0;-1;-3
gapic-google-cloud-spanner-admin-database-v1;;;https://github.com/googleapis/googleapis;;https://github.com/googleapis/googleapis;https://github.com/googleapis/googleapis;https://github.com/googleapis/googleapis;https://github.com/googleapis/googleapis;https://github.com/googleapis/googleapis;-1;-1;0;-1;-3
proto-google-cloud-spanner-admin-instance-v1;;;https://github.com/googleapis/googleapis;;https://github.com/googleapis/googleapis;https://github.com/googleapis/googleapis;https://github.com/googleapis/googleapis;https://github.com/googleapis/googleapis;https://github.com/googleapis/googleapis;-1;-1;0;-1;-3
proto-google-cloud-spanner-admin-database-v1;;;https://github.com/googleapis/googleapis;;https://github.com/googleapis/googleapis;https://github.com/googleapis/googleapis;https://github.com/googleapis/googleapis;https://github.com/googleapis/googleapis;https://github.com/googleapis/googleapis;-1;-1;0;-1;-3
dai-sgqlc-3-5;;;;https://github.com/pypa/pipenv;;https://github.com/graphql/graphiql;https://github.com/pypa/pipenv;https://github.com/pypa/pipenv;https://github.com/profusion/sgqlc;1;1;0;1;3
pysal;https://github.com/pysal/pysal;;;;;https://github.com/pysal/pysal;https://github.com/pysal/pysal;https://github.com/pysal/pysal;https://github.com/pysal/pysal;1;1;1;-1;2
tensorflow-cpu;;;;;https://github.com/tensorflow/tensorflow;https://github.com/tensorflow/tensorflow;https://github.com/tensorflow/tensorflow;https://github.com/tensorflow/tensorflow;https://github.com/tensorflow/tensorflow;1;-1;-1;1;0
logger;;;;;;;;;;0;0;0;0;0
systemd-python;;;https://github.com/systemd/python-systemd;;https://github.com/systemd/python-systemd;https://github.com/systemd/python-systemd;https://github.com/systemd/python-systemd;https://github.com/systemd/python-systemd;https://github.com/systemd/python-systemd;-1;-1;0;1;-1
repoze-sendmail;https://github.com/repoze/repoze.sendmail;;;;;;https://github.com/repoze/repoze.sendmail;https://github.com/repoze/repoze.sendmail;https://github.com/repoze/repoze.sendmail;1;-1;1;1;2
ocspresponder;;;;;;;;;;0;0;0;0;0
pylzma;;https://github.com/fancycode/pylzma;;;;;https://github.com/fancycode/pylzma;https://github.com/fancycode/pylzma;https://github.com/fancycode/pylzma;1;-1;0;1;1
geoip;;;;;;;;;https://github.com/maxmind/geoip-api-python;1;-1;0;1;1
hypercorn;;;;https://github.com/tox-dev/tox;;https://github.com/python-hyper/h2;https://github.com/tox-dev/tox;https://github.com/tox-dev/tox;;0;0;0;0;0
twitter-ads;;;;;https://github.com/twitterdev/twitter-python-ads-sdk;https://github.com/twitterdev/twitter-python-ads-sdk;https://github.com/twitterdev/twitter-python-ads-sdk;https://github.com/twitterdev/twitter-python-ads-sdk;https://github.com/twitterdev/twitter-python-ads-sdk;-1;-1;1;1;0
twitter-common-contextutil;;;https://github.com/twitter-archive/commons;;https://github.com/twitter-archive/commons;https://github.com/twitter-archive/commons;https://github.com/twitter-archive/commons;https://github.com/twitter-archive/commons;https://github.com/twitter-archive/commons;-1;-1;0;1;-1
stem;;https://github.com/torproject/stem;;;;;https://github.com/torproject/stem;https://github.com/torproject/stem;https://github.com/torproject/stem;1;-1;0;1;1
twitter-common-util;;;https://github.com/twitter-archive/commons;;https://github.com/twitter-archive/commons;https://github.com/twitter-archive/commons;https://github.com/twitter-archive/commons;https://github.com/twitter-archive/commons;https://github.com/twitter-archive/commons;-1;-1;0;1;-1
twitter-common-app;;;;;https://github.com/twitter-archive/commons;https://github.com/twitter-archive/commons;https://github.com/twitter-archive/commons;https://github.com/twitter-archive/commons;https://github.com/twitter/commons;-1;-1;0;1;-1
twitter-common-process;;;https://github.com/twitter-archive/commons;;https://github.com/twitter-archive/commons;https://github.com/twitter-archive/commons;https://github.com/twitter-archive/commons;https://github.com/twitter-archive/commons;https://github.com/twitter-archive/commons;-1;-1;0;1;-1
twitter-common-string;;;https://github.com/twitter-archive/commons;;https://github.com/twitter-archive/commons;https://github.com/twitter-archive/commons;https://github.com/twitter-archive/commons;https://github.com/twitter-archive/commons;https://github.com/twitter-archive/commons;-1;-1;0;1;-1
plotly-express;;;;;https://github.com/plotly/plotly_express;https://github.com/plotly/plotly_express;https://github.com/plotly/plotly_express;https://github.com/plotly/plotly_express;https://github.com/plotly/plotly_express;1;1;0;1;3
tox-monorepo;;;https://github.com/azure/azure-sdk-tools;;https://github.com/azure/azure-sdk-tools;https://github.com/azure/azure-sdk-tools;https://github.com/azure/azure-sdk-tools;https://github.com/azure/azure-sdk-tools;https://github.com/azure/azure-sdk-tools;-1;-1;0;1;-1
dedupe;;;https://github.com/dedupeio/dedupe;;https://github.com/dedupeio/dedupe;;https://github.com/dedupeio/dedupe;https://github.com/dedupeio/dedupe;https://github.com/dedupeio/dedupe;1;-1;0;1;1
pydns;;;;;;;;;;0;0;0;0;0
dvc;https://github.com/iterative/dvc;https://github.com/iterative/dvc;;;https://github.com/iterative/dvc;;https://github.com/iterative/dvc;https://github.com/iterative/dvc;https://github.com/iterative/dvc;1;1;1;1;4
pytorch;;;;;;;;;;0;0;0;0;0
datefinder;https://github.com/akoumjian/datefinder;https://github.com/akoumjian/datefinder;https://github.com/akoumjian/datefinder;;https://github.com/akoumjian/datefinder;;https://github.com/akoumjian/datefinder;https://github.com/akoumjian/datefinder;https://github.com/akoumjian/datefinder;1;1;1;1;4
rook;;;;;;;;;;0;0;0;0;0
pyfarmhash;;;https://github.com/veelion/python-farmhash;;https://github.com/veelion/python-farmhash;https://github.com/veelion/python-farmhash;https://github.com/veelion/python-farmhash;https://github.com/veelion/python-farmhash;https://github.com/veelion/python-farmhash;-1;-1;0;1;-1
sphinx-bootstrap-theme;;https://github.com/ryan-roemer/sphinx-bootstrap-theme;;;;;https://github.com/ryan-roemer/sphinx-bootstrap-theme;https://github.com/ryan-roemer/sphinx-bootstrap-theme;https://github.com/ryan-roemer/sphinx-bootstrap-theme;1;1;0;1;3
lmfit;;https://github.com/lmfit/lmfit-py;;;;;https://github.com/lmfit/lmfit-py;https://github.com/lmfit/lmfit-py;https://github.com/lmfit/lmfit-py;1;-1;1;1;2
edx-organizations;;https://github.com/edx/edx-organizations;https://github.com/edx/edx-organizations;;https://github.com/edx/edx-organizations;;https://github.com/edx/edx-organizations;https://github.com/edx/edx-organizations;https://github.com/edx/edx-organizations;1;1;0;1;3
mechanicalsoup;https://github.com/mechanicalsoup/mechanicalsoup;;;https://github.com/jjlee/mechanize;;https://github.com/mechanicalsoup/mechanicalsoup;https://github.com/jjlee/mechanize;https://github.com/jjlee/mechanize;https://github.com/mechanicalsoup/mechanicalsoup;1;1;1;1;4
pyqtgraph;;;;;;;;;https://github.com/pyqtgraph/pyqtgraph;1;-1;1;1;2
python-jsonschema-objects;;https://github.com/cwacek/python-jsonschema-objects;;;;;https://github.com/cwacek/python-jsonschema-objects;https://github.com/cwacek/python-jsonschema-objects;https://github.com/cwacek/python-jsonschema-objects;1;-1;0;1;1
simhash;;https://github.com/1e0ng/simhash;;;;;https://github.com/1e0ng/simhash;https://github.com/1e0ng/simhash;https://github.com/leonsim/simhash;1;-1;0;1;1
python-igraph;;https://github.com/igraph/python-igraph;;https://github.com/kozea/cairocffi;;;https://github.com/igraph/python-igraph;https://github.com/igraph/python-igraph;https://github.com/igraph/python-igraph;1;-1;1;1;2
bcdoc;https://github.com/boto/bcdoc;;;;;;https://github.com/boto/bcdoc;https://github.com/boto/bcdoc;https://github.com/boto/bcdoc;1;1;0;1;3
doc-warden;;;https://github.com/azure/azure-sdk-tools;;https://github.com/azure/azure-sdk-tools;https://github.com/azure/azure-sdk-tools;https://github.com/azure/azure-sdk-tools;https://github.com/azure/azure-sdk-tools;https://github.com/azure/azure-sdk-tools;-1;-1;0;1;-1
python-mistralclient;;https://github.com/openstack/python-mistralclient;;;;;https://github.com/openstack/python-mistralclient;https://github.com/openstack/python-mistralclient;https://github.com/openstack/python-mistralclient;1;1;1;1;4
frida;;https://github.com/frida/frida;;;;;https://github.com/frida/frida;https://github.com/frida/frida;https://github.com/frida/frida;1;-1;0;1;1
salt;;;;;;https://github.com/saltstack/salt;;https://github.com/saltstack/salt;https://github.com/saltstack/salt;1;-1;1;1;2
quart;;;;https://github.com/tox-dev/tox;;;https://github.com/tox-dev/tox;https://github.com/tox-dev/tox;https://github.com/pgjones/quart;1;1;1;1;4
colcon-output;;;;;;https://github.com/colcon/colcon-output;;https://github.com/colcon/colcon-output;https://github.com/colcon/colcon-output;1;1;0;1;3
locust;https://github.com/locustio/locust;https://github.com/locustio/locust;https://github.com/locustio/locust;;https://github.com/locustio/locust;;https://github.com/locustio/locust;https://github.com/locustio/locust;https://github.com/locustio/locust;1;1;1;1;4
pomegranate;;;;;;;;;https://github.com/jmschrei/pomegranate;1;-1;0;1;1
pydevd-pycharm;https://github.com/fabioz/pydev.debugger;;https://github.com/jetbrains/intellij-community;;https://github.com/jetbrains/intellij-community;https://github.com/jetbrains/intellij-community;https://github.com/jetbrains/intellij-community;https://github.com/jetbrains/intellij-community;https://github.com/fabioz/pydev.debugger;-1;1;0;1;1
tabula-py;https://github.com/chezou/tabula-py;https://github.com/chezou/tabula-py;https://github.com/chezou/tabula-py;https://github.com/chezou/tabula-py;https://github.com/chezou/tabula-py;;https://github.com/chezou/tabula-py;https://github.com/chezou/tabula-py;https://github.com/chezou/tabula-py;1;1;1;1;4
pydeck;;https://github.com/visgl/deck.gl;;;https://github.com/visgl/deck.gl;https://github.com/visgl/deck.gl;https://github.com/visgl/deck.gl;https://github.com/visgl/deck.gl;https://github.com/visgl/deck.gl;-1;-1;0;1;-1
slugid;;https://github.com/taskcluster/slugid.py;;;;;https://github.com/taskcluster/slugid.py;https://github.com/taskcluster/slugid.py;https://github.com/taskcluster/slugid.py;1;-1;1;1;2
bpemb;;https://github.com/bheinzerling/bpemb;;;;;https://github.com/bheinzerling/bpemb;https://github.com/bheinzerling/bpemb;https://github.com/bheinzerling/bpemb;1;1;0;1;3
ryu;;;;https://github.com/faucetsdn/ryu;;https://github.com/faucetsdn/ryu;https://github.com/faucetsdn/ryu;https://github.com/faucetsdn/ryu;https://github.com/osrg/ryu;1;1;0;1;3
pypowervm;;;;;;;;;https://github.com/powervm/pypowervm;1;1;0;1;3
pafy;https://github.com/mps-youtube/pafy;;;;;;https://github.com/mps-youtube/pafy;https://github.com/mps-youtube/pafy;https://github.com/mps-youtube/pafy;1;1;1;1;4
python-owasp-zap-v2-4;;;;;https://github.com/zaproxy/zap-api-python;https://github.com/zaproxy/zap-api-python;https://github.com/zaproxy/zap-api-python;https://github.com/zaproxy/zap-api-python;https://github.com/zaproxy/zap-api-python;-1;-1;1;1;0
delighted;https://github.com/delighted/delighted-python;;;;;;https://github.com/delighted/delighted-python;https://github.com/delighted/delighted-python;https://github.com/delighted/delighted-python;1;1;0;1;3
openexr;;;;;;;;;;0;0;0;0;0
teradatasql;;;;;;https://github.com/teradata/python-driver;;https://github.com/teradata/python-driver;https://github.com/teradata/python-driver;-1;1;0;0;0
optunity;https://github.com/claesenm/optunity;;;;;https://github.com/claesenm/optunity;https://github.com/claesenm/optunity;https://github.com/claesenm/optunity;https://github.com/claesenm/optunity;1;1;1;1;4
cmake-format;;;;https://github.com/cheshirekow/cmake-tools-rtd;;;https://github.com/cheshirekow/cmake-tools-rtd;https://github.com/cheshirekow/cmake-tools-rtd;https://github.com/cheshirekow/cmake-tools-rtd;-1;-1;0;1;-1
update;;;;;;;;;;0;0;0;0;0
constructs;;https://github.com/aws/constructs;https://github.com/aws/constructs;;https://github.com/aws/constructs;https://github.com/aws/constructs;https://github.com/aws/constructs;https://github.com/aws/constructs;https://github.com/aws/constructs;1;1;1;-1;2
plaidml;;;;;;;;;https://github.com/plaidml/plaidml;1;-1;0;1;1
simpy;;;;https://github.com/readthedocs/sphinx_rtd_theme;;https://github.com/r-simmer/simmer;https://github.com/readthedocs/sphinx_rtd_theme;https://github.com/readthedocs/sphinx_rtd_theme;;0;0;0;0;0
orionsdk;;;;;;https://github.com/solarwinds/orionsdk-python;;https://github.com/solarwinds/orionsdk-python;https://github.com/solarwinds/orionsdk-python;1;-1;0;1;1
chargebee;;https://github.com/chargebee/chargebee-python;;;;;https://github.com/chargebee/chargebee-python;https://github.com/chargebee/chargebee-python;https://github.com/chargebee/chargebee-python;1;-1;1;1;2
python-firebase;https://github.com/ozgur/python-firebase;https://github.com/ozgur/python-firebase;;;;;https://github.com/ozgur/python-firebase;https://github.com/ozgur/python-firebase;https://github.com/ozgur/python-firebase;1;1;0;1;3
cloudbridge;;https://github.com/cloudve/cloudbridge;;;;;https://github.com/cloudve/cloudbridge;https://github.com/cloudve/cloudbridge;https://github.com/cloudve/cloudbridge;1;-1;1;1;2
zc-buildout;https://github.com/buildout/buildout;;;;;https://github.com/buildout/buildout;https://github.com/buildout/buildout;https://github.com/buildout/buildout;https://github.com/buildout/buildout;1;-1;0;1;1
yaql;;https://github.com/openstack/yaql;;https://github.com/openstack/yaql;;;https://github.com/openstack/yaql;https://github.com/openstack/yaql;https://github.com/openstack/yaql;1;1;0;1;3
circus;;;;https://github.com/circus-tent/circus;;;https://github.com/circus-tent/circus;https://github.com/circus-tent/circus;https://github.com/circus-tent/circus;1;-1;0;1;1
django-hijack-admin;;;;;;https://github.com/django-hijack/django-hijack;;https://github.com/django-hijack/django-hijack;https://github.com/arteria/django-hijack;1;-1;-1;1;0
aws-kinesis-agg;;;https://github.com/awslabs/kinesis-aggregation;;https://github.com/awslabs/kinesis-aggregation;https://github.com/awslabs/kinesis-aggregation;https://github.com/awslabs/kinesis-aggregation;https://github.com/awslabs/kinesis-aggregation;https://github.com/awslabs/kinesis-aggregation;-1;-1;0;1;-1
helper;;https://github.com/gmr/helper;;https://github.com/gmr/helper;;;https://github.com/gmr/helper;https://github.com/gmr/helper;https://github.com/gmr/helper;1;-1;1;1;2
json-minify;;;;;https://github.com/getify/json.minify;https://github.com/getify/json.minify;https://github.com/getify/json.minify;https://github.com/getify/json.minify;https://github.com/getify/json.minify;1;-1;0;0;0
darglint;;;;https://github.com/numpy/numpydoc;;https://github.com/terrencepreilly/darglint;https://github.com/numpy/numpydoc;https://github.com/numpy/numpydoc;https://github.com/terrencepreilly/darglint;1;1;0;1;3
murmurhash3;;;;;;https://github.com/veegee/mmh3;;https://github.com/veegee/mmh3;https://github.com/veegee/mmh3;-1;-1;0;1;-1
pyramid-beaker;;;;;;https://github.com/pylons/pyramid_beaker;;https://github.com/pylons/pyramid_beaker;https://github.com/pylons/pyramid_beaker;1;-1;0;1;1
sas7bdat;;;;;;https://github.com/biostatmatt/sas7bdat;;https://github.com/biostatmatt/sas7bdat;;0;0;0;0;0
pyobjc-framework-launchservices;;;;https://github.com/ronaldoussoren/pyobjc;;;https://github.com/ronaldoussoren/pyobjc;https://github.com/ronaldoussoren/pyobjc;https://github.com/ronaldoussoren/pyobjc;1;-1;0;1;1
zvmcloudconnector;;;https://github.com/mfcloud/python-zvm-sdk;;https://github.com/mfcloud/python-zvm-sdk;https://github.com/mfcloud/python-zvm-sdk;https://github.com/mfcloud/python-zvm-sdk;https://github.com/mfcloud/python-zvm-sdk;https://github.com/mfcloud/python-zvm-sdk;-1;-1;0;1;-1
django-slack;;https://github.com/lamby/django-slack;;;;;https://github.com/lamby/django-slack;https://github.com/lamby/django-slack;https://github.com/lamby/django-slack;1;-1;0;1;1
