Vuln ID;Severity;Name;Vulnerability_url;Package;Versions;CVE;GitHub Advisory;GitHub Commit;GitHub Release;GitHub Release Tag;GitHub Additional Information;GitHub PR;GitHub Issue;NVD
1;M;Directory Traversal;https://snyk.io/vuln/SNYK-PYTHON-AIOHTTP-40582;aiohttp;[,0.16.3);;;https://github.com/aio-libs/aiohttp/commit/d9fdf551aaa388a738febe5ce697c0b07f597e94;;;;https://github.com/aio-libs/aiohttp/pull/383;https://github.com/aio-libs/aiohttp/issues/380;
2;M;Insufficient Session Expiration;https://snyk.io/vuln/SNYK-PYTHON-AIOHTTPSESSION-72728;aiohttp-session;[,2.7.0);CVE-2018-1000814;;https://github.com/aio-libs/aiohttp-session/commit/1b356f01bbab57d041c9a75bacd72fbbf8524728;;;;https://github.com/aio-libs/aiohttp-session/pull/331;https://github.com/aio-libs/aiohttp-session/issues/325;
3;M;Session Fixation;https://snyk.io/vuln/SNYK-PYTHON-AIOHTTPSESSION-42161;aiohttp-session;[,2.4.0);CVE-2018-1000519;;https://github.com/aio-libs/aiohttp-session/commit/6b7864004d3442dbcfaf8687f63262c1c629f569;;;;https://github.com/aio-libs/aiohttp-session/pull/273;https://github.com/aio-libs/aiohttp-session/issues/272;
4;H;Arbitrary Code Injection;https://snyk.io/vuln/SNYK-PYTHON-AIOXMPP-73648;aioxmpp;[,0.10.3);CVE-2019-1000007;;https://github.com/horazont/aioxmpp/commit/29ff0838a40f58efe30a4bbcea95aa8dab7da475;;;;https://github.com/horazont/aioxmpp/pull/268;;
5;M;Information Exposure;https://snyk.io/vuln/SNYK-PYTHON-ANSIBLE-1070407;ansible;[,2.8.19),[2.9.0, 2.9.18);CVE-2021-20180;;https://github.com/ansible/ansible/commit/bfea16c4f741d4cd10c8e17bf7eed14240345cb5;;;;;;
6;M;Information Exposure;https://snyk.io/vuln/SNYK-PYTHON-ANSIBLE-1070408;ansible;[,2.8.19),[2.9.0, 2.9.18),[2.10.0,2.10.7);CVE-2021-20228;;https://github.com/ansible/ansible/commit/e41d1f0a3fd6c466192e7e24accd3d1c6501111b;;;;https://github.com/ansible/ansible/pull/73487;;
7;M;Information Exposure;https://snyk.io/vuln/SNYK-PYTHON-ANSIBLE-1070409;ansible;[,2.8.19),[2.9.0, 2.9.18);CVE-2021-20178;;https://github.com/ansible/ansible/commit/0785772a03470fd2879d2f613520284997dc9dd0;;;;;;
8;M;Information Exposure;https://snyk.io/vuln/SNYK-PYTHON-ANSIBLE-560365;ansible;[2.7.0,2.7.17),[2.8.0,2.8.11),[2.9.0,2.9.7);CVE-2020-1736;;https://github.com/ansible/ansible/commit/dc79528cc6609ccef41a4e9708973b992851ab31;;;;;https://github.com/ansible/ansible/issues/67794;
9;H;Arbitrary Code Execution;https://snyk.io/vuln/SNYK-PYTHON-ANSIBLE-536473;ansible;[2.9.0,2.9.3),[2.8.0,2.8.8),[,2.7.16);CVE-2019-14905;;https://github.com/ansible/ansible/commit/88416b627caac5f0f4bff335d5387e0bcca938ca;;;;https://github.com/ansible/ansible/pull/65423;;
10;H;Arbitrary Code Injection;https://snyk.io/vuln/SNYK-PYTHON-ANSIBLE-536475;ansible;[0,2.9.4);CVE-2019-14904;;https://github.com/ansible/ansible/commit/7d2ae7e3226cdc8e37aea83c202aeb0e7e5a1aec;;;;;;
11;M;Information Exposure;https://snyk.io/vuln/SNYK-PYTHON-ANSIBLE-535522;ansible;[2.8.0,2.8.4);CVE-2019-10217;;https://github.com/ansible/ansible/pull/59427/commits/642a3b4d3133d0cff3ea5b8300757045b2bda09d;;;;https://github.com/ansible/ansible/pull/59427;https://github.com/ansible/ansible/issues/56269;
12;M;Information Exposure;https://snyk.io/vuln/SNYK-PYTHON-ANSIBLE-535490;ansible;[,2.6.19),[2.7.0, 2.7.13),[2.8.0, 2.8.4);CVE-2019-10206;;https://github.com/ansible/ansible/commit/d728127310b4f3a40ce8b9df3affb88ffaeea073;;;;;;
13;H;Arbitrary Code Execution;https://snyk.io/vuln/SNYK-PYTHON-ANSIBLE-451465;ansible;[,1.6.6);CVE-2014-3498;;https://github.com/ansible/ansible/commit/8ed6350e65c82292a631f08845dfaacffe7f07f5;;;;;;
14;L;Information Exposure;https://snyk.io/vuln/SNYK-PYTHON-ANSIBLE-72696;ansible;[,2.5.14),[2.6.0, 2.6.11),[2.7.0, 2.7.5);CVE-2018-16876;;https://github.com/ansible/ansible/pull/49569/commits/4c6d714aefb05366cb329e139214c89ebb364899;;;;https://github.com/ansible/ansible/pull/49569;;
15;M;Information Exposure;https://snyk.io/vuln/SNYK-PYTHON-ANSIBLE-72650;ansible;[,2.5.13),[2.6.0, 2.6.10),[2.7.0, 2.7.4),[2.7.5,2.8.1);CVE-2018-16859;;https://github.com/ansible/ansible/commit/8c1f701e6e9df29fe991f98265e2dd76acca4b8c;;;;https://github.com/ansible/ansible/pull/49142;;
16;H;Information Exposure;https://snyk.io/vuln/SNYK-PYTHON-ANSIBLE-72546;ansible;[,2.7.1);CVE-2018-16837;;https://github.com/ansible/ansible/commit/a0aa53d1a1d6075a7ae98ace138712ee6cb45ae4;;;;https://github.com/ansible/ansible/pull/47436;;
17;H;Arbitrary Code Injection;https://snyk.io/vuln/SNYK-PYTHON-ANSIBLE-42165;ansible;[,2.3.1.0);CVE-2017-7481;;https://github.com/ansible/ansible/commit/ed56f51f185a1ffd7ea57130d260098686fcc7c2;;;;;;
18;H;Information Exposure;https://snyk.io/vuln/SNYK-PYTHON-ANSIBLE-42156;ansible;[,2.5.5);CVE-2018-10855;;https://github.com/ansible/ansible/pull/41414/files;;;;;;
19;H;Arbitrary Code Execution;https://snyk.io/vuln/SNYK-PYTHON-ANSIBLE-40389;ansible;[1.9.5,1.9.6),[2,2.0.2.0);CVE-2016-3096;;https://github.com/ansible/ansible-modules-extras/pull/1941/commits/8c6fe646ee79f5e55361b885b7efed5bec72d4a4;;;;https://github.com/ansible/ansible-modules-extras/pull/1941;;https://web.nvd.nist.gov/view/vuln/detail?vulnId=CVE-2016-3096
20;H;Arbitrary Code Execution;https://snyk.io/vuln/SNYK-PYTHON-ANSIBLE-40288;ansible;[,1.5.4);CVE-2014-4657;;https://github.com/ansible/ansible/commit/998793fd0ab55705d57527a38cee5e83f535974c;;;;;;https://web.nvd.nist.gov/view/vuln/detail?vulnId=CVE-2014-4657
21;L;Insecure Defaults;https://snyk.io/vuln/SNYK-PYTHON-ANSIBLERUNNER-174098;ansible-runner;[,1.3.1);;;https://github.com/ansible/ansible-runner/commit/dd2e549c6aadca4fb4f2cde11f1d4dca4b98964f;;;;;;
22;H;Security Bypass;https://snyk.io/vuln/SNYK-PYTHON-ANYCONFIG-1055467;anyconfig;[,0.10.0);;;https://github.com/ssato/python-anyconfig/commit/4ab8770972fbd689d7152e572380fa9fbe88df05;;;;;https://github.com/ssato/python-anyconfig/issues/118#issuecomment-753284295;
23;M;Improper Authentication;https://snyk.io/vuln/SNYK-PYTHON-APACHEAIRFLOW-1076591;apache-airflow;[2.0.0, 2.0.1rc1);CVE-2021-26697;;https://github.com/apache/airflow/commit/24a54242d56058846c7978130b3f37ca045d5142;;;;;;
24;M;Information Exposure;https://snyk.io/vuln/SNYK-PYTHON-APACHEAIRFLOW-451565;apache-airflow;[,1.10.5);;;https://github.com/apache/airflow/pull/5635/commits/89f015e6c89392b6de61dab8ab90182e6ee42b74;;;;https://github.com/apache/airflow/pull/5635;;
25;M;Arbitrary Code Execution;https://snyk.io/vuln/SNYK-PYTHON-APACHEAIRFLOW-73586;apache-airflow;[,1.9.0);CVE-2017-15720;;https://github.com/apache/incubator-airflow/commit/04cacdd0a7526927137b452f38c3e894a5d2ce4a;;;;https://github.com/apache/incubator-airflow/pull/2184;;
26;M;Cross-site Scripting (XSS);https://snyk.io/vuln/SNYK-PYTHON-APACHEAIRFLOW-73591;apache-airflow;[1.6.0, 1.9.0);;;https://github.com/apache/incubator-airflow/commit/fe9ebe3ccf5fec4c491343659aa0c52e4125f66b;;;;https://github.com/apache/incubator-airflow/pull/2193;;
27;M;Cross-site Request Forgery (CSRF);https://snyk.io/vuln/SNYK-PYTHON-APACHEAIRFLOW-73592;apache-airflow;[,1.9.0);CVE-2017-17835;;https://github.com/apache/incubator-airflow/commit/673026c740411cc6447aede8c6a816460fe03a59;;;;https://github.com/apache/incubator-airflow/pull/2054;;
28;L;Uninitialized Memory Exposure;https://snyk.io/vuln/SNYK-PYTHON-ASYNCPG-597672;asyncpg;[,0.21.0);CVE-2020-17446;;https://github.com/MagicStack/asyncpg/commit/69bcdf5bf7696b98ee708be5408fd7d854e910d0;;;;;;
29;H;Denial of Service (DoS);https://snyk.io/vuln/SNYK-PYTHON-ASYNCSSH-1055221;asyncssh;[,2.5.0);;;https://github.com/ronf/asyncssh/commit/d0f0725371a5082f1b88b5c23b438c0edf07846a;;;;;;
30;H;Authentication Bypass;https://snyk.io/vuln/SNYK-PYTHON-ASYNCSSH-42082;asyncssh;[,1.12.1);CVE-2018-7749;;https://github.com/ronf/asyncssh/commit/c161e26cdc0d41b745b63d9f17b437f073bf7ba4;;;;;;https://nvd.nist.gov/vuln/detail/CVE-2018-7749
31;L;Timing Attack;https://snyk.io/vuln/SNYK-PYTHON-AUTOBAHN-40501;autobahn;[,0.6.4);;;https://github.com/crossbario/autobahn-python/commit/b22cf13ad9d581a744eb90108ae9a9d19af08f88;;;;;;
32;M;Directory Traversal;https://snyk.io/vuln/SNYK-PYTHON-AWSCLI-40712;awscli;[,1.11.83);;;https://github.com/aws/aws-cli/commit/6080bb0b302b59149a305bfa0a6a7c92a07d1ea5;;;;;;
33;M;Cross-site Scripting (XSS);https://snyk.io/vuln/SNYK-PYTHON-BBCODE-40502;bbcode;[,1.0.18);;;https://github.com/dcwatson/bbcode/commit/e23f5ae9f9e42a9988a52b8b39815593c264f3ce;;;;;https://github.com/dcwatson/bbcode/issues/4;
34;M;Cross-site Scripting (XSS);https://snyk.io/vuln/SNYK-PYTHON-BBCODE-40500;bbcode;[,1.0.9);;;https://github.com/dcwatson/bbcode/commit/116cb2067003e6c6f679ed3a34e9e00a97a332cf;;;;;https://github.com/dcwatson/bbcode/issues/4;
35;M;Information Exposure;https://snyk.io/vuln/SNYK-PYTHON-BEAKER-40102;beaker;[0.5,1.6.4);CVE-2012-3458;;https://github.com/bbangert/beaker/commit/91becae76101cf87ce8cbfabe3af2622fc328fe5;;;;;;https://web.nvd.nist.gov/view/vuln/detail?vulnId=CVE-2012-3458
36;M;Cross-site Scripting (XSS);https://snyk.io/vuln/SNYK-PYTHON-BLEACH-1069893;bleach;[,3.3.0);;;https://github.com/mozilla/bleach/commit/79b7a3c5e56a09d1d323a5006afa59b56162eb13;;;;;;
37;M;Cross-site Scripting (XSS);https://snyk.io/vuln/SNYK-PYTHON-BLEACH-561119;bleach;[,3.1.2);CVE-2020-6816;;https://github.com/mozilla/bleach/commit/e4e9e21e7aebff40c88fafa4319bba4636a602d9;;;;;;
38;M;Cross-site Scripting (XSS);https://snyk.io/vuln/SNYK-PYTHON-BLEACH-552160;bleach;[,3.1.1);CVE-2020-6802;;https://github.com/mozilla/bleach/commit/996cde7a2439a2323f9c4b2567c8b8449d393351;;;;;;
39;M;Arbitrary Code Execution;https://snyk.io/vuln/SNYK-PYTHON-BOTO-40479;boto;[,2.39.0);;;https://github.com/boto/boto/commit/8b65a6c250d0548d9ffe6393842931f59f793c77;;;;https://github.com/boto/boto/pull/3097;;
40;L;Information Exposure;https://snyk.io/vuln/SNYK-PYTHON-BOTO3-40617;boto3;[,1.4.5);;;https://github.com/boto/boto3/commit/5a4396a4e0d1b337c081cb4095e5255da915198e;;;;;https://github.com/boto/boto3/issues/1017;
41;M;HTTP Response Splitting;https://snyk.io/vuln/SNYK-PYTHON-BOTTLE-40448;bottle;[0.10.1,0.12.11);CVE-2016-9964;;https://github.com/bottlepy/bottle/commit/6d7e13da0f998820800ecb3fe9ccee4189aefb54;;;;;https://github.com/bottlepy/bottle/issues/913;https://web.nvd.nist.gov/view/vuln/detail?vulnId=CVE-2016-9964
42;M;BSON Corruption;https://snyk.io/vuln/SNYK-PYTHON-BSON-40575;bson;[0.3.5,0.4.2);;;https://github.com/py-bson/bson/commit/430c1a72c2c3669ce46ba28b4a813a2b12d07f31;;;;https://github.com/py-bson/bson/pull/34;;
43;M;Regular Expression Denial of Service (ReDoS);https://snyk.io/vuln/SNYK-PYTHON-CAIROSVG-1056423;cairosvg;[,2.5.1);CVE-2021-21236;;https://github.com/Kozea/CairoSVG/commit/cfc9175e590531d90384aa88845052de53d94bf3;https://github.com/Kozea/CairoSVG/releases/tag/2.5.1;;;;;
44;H;XML External Entity (XXE) Injection;https://snyk.io/vuln/SNYK-PYTHON-CAIROSVG-40555;cairosvg;[,1.0.21);;;https://github.com/Kozea/CairoSVG/commit/212f6b9114a7bccf899c5fcd2baa42ea5391fa00;;;;;;
45;M;Improper Certificate Validation;https://snyk.io/vuln/SNYK-PYTHON-CERTIFI-40618;certifi;[,2017.04.17);;;https://github.com/certifi/python-certifi/commit/4f35e3529c78ced74040cf5d80bf8ec4aac9a190;;;;;;
46;M;Denial of Service (DoS);https://snyk.io/vuln/SNYK-PYTHON-CHANNELS-73623;channels;[,2.1.7);;;https://github.com/django/channels/commit/a1ecd5ee72a538f19bdd9e8f6bb91bb8aabba5d9;;;;;https://github.com/django/channels/issues/1170;
47;M;Denial of Service (DoS);https://snyk.io/vuln/SNYK-PYTHON-CHANNELSREDIS-574718;channels-redis;[0,3.0.0);;;https://github.com/django/channels_redis/commit/c13b3453f976e23a617fc55f9748609c1692c8f0;;;;https://github.com/django/channels_redis/pull/184;https://github.com/django/channels_redis/issues/182;
48;M;Denial of Service (DoS);https://snyk.io/vuln/SNYK-PYTHON-CHEROOT-1047477;cheroot;[,6.3.2);;;https://github.com/cherrypy/cheroot/commit/040f7bf687fb2c2ae5b98d0c15de65fdb7682a30;;;;;;
49;H;Directory Traversal;https://snyk.io/vuln/SNYK-PYTHON-CHERRYPY-449897;cherrypy;[ ,2.2.1);CVE-2006-0847;;https://github.com/cherrypy/cherrypy/commit/7e6187ee19a90ebe7f8597296bfa942cd1eb1864;;;;;;
50;H;Buffer Overflow;https://snyk.io/vuln/SNYK-PYTHON-CLICKHOUSEDRIVER-1055828;clickhouse-driver;[,0.1.5);CVE-2020-26759;;https://github.com/mymarilyn/clickhouse-driver/commit/3e990547e064b8fca916b23a0f7d6fe8c63c7f6b;;;;;;
51;M;Command Injection;https://snyk.io/vuln/SNYK-PYTHON-CODECOV-564342;codecov;[,2.0.17);;;https://github.com/codecov/codecov-python/commit/f2c93c7893847e50639416c1bc2e38cb375825d8;;;;https://github.com/codecov/codecov-python/pull/234;;
52;M;Command Injection;https://snyk.io/vuln/SNYK-PYTHON-CODECOV-552149;codecov;[,2.0.16);CVE-2019-10800;;https://github.com/codecov/codecov-python/commit/2a80aa434f74feb31242b6f213b75ce63ae97902;;;;;;
53;M;Denial of Service (DoS);https://snyk.io/vuln/SNYK-PYTHON-COLANDER-73636;colander;[,1.7.0);CVE-2017-18361;;https://github.com/Pylons/colander/commit/98805557c10ab5ff3016ed09aa2d48c49b9df40b;;;;https://github.com/Pylons/colander/pull/323;https://github.com/Pylons/colander/issues/290;
54;M;Buffer Overflow;https://snyk.io/vuln/SNYK-PYTHON-CONFLUENTKAFKA-565716;confluent-kafka;[,1.4.0);;;https://github.com/edenhill/librdkafka/commit/8f7a4c858afc8ff24672426473448c3e0c56cfc3;;;;;;
55;M;Cryptographic Issues;https://snyk.io/vuln/SNYK-PYTHON-CRYPTOGRAPHY-1070544;cryptography;[3.1 ,3.3.2);CVE-2020-36242;;https://github.com/pyca/cryptography/commit/06cbf77371881e80ea4b5e349136dcc53749fc0c;;;https://github.com/pyca/cryptography/blob/master/CHANGELOG.rst;;https://github.com/pyca/cryptography/issues/5615;
56;H;Timing Attack;https://snyk.io/vuln/SNYK-PYTHON-CRYPTOGRAPHY-1022152;cryptography;[0,];CVE-2020-25659;;https://github.com/pyca/cryptography/commit/58494b41d6ecb0f56b7c5f05d5f5e3ca0320d494;;;;;;
57;H;Authentication Bypass;https://snyk.io/vuln/SNYK-PYTHON-CRYPTOGRAPHY-42164;cryptography;[1.9.0,2.3);CVE-2018-10903;;https://github.com/pyca/cryptography/pull/4342/commits/688e0f673bfbf43fa898994326c6877f00ab19ef;;;;;;
58;H;Use of a Risky Cryptographic Algorithm;https://snyk.io/vuln/SNYK-PYTHON-CRYPTOGRAPHY-40445;cryptography;[,1.5.2);CVE-2016-9243;;https://github.com/pyca/cryptography/commit/b924696b2e8731f39696584d12cceeb3aeb2d874;;;;https://github.com/pyca/cryptography/pull/3215;https://github.com/pyca/cryptography/issues/3211;https://web.nvd.nist.gov/view/vuln/detail?vulnId=CVE-2016-9243
59;M;TLS Truncation Attack;https://snyk.io/vuln/SNYK-PYTHON-CRYPTOGRAPHY-40478;cryptography;[,1.1);;;https://github.com/pyca/cryptography/commit/41aabcbd2326ae154a16a1a050ee01fb9a54bd19;;;;https://github.com/pyca/cryptography/pull/2334;;
60;M;Web Cache Poisoning;https://snyk.io/vuln/SNYK-PYTHON-DJANGO-1076802;django;[2.2,2.2.19),[3.0,3.0.13),[3.1,3.1.7);CVE-2021-23336;;https://github.com/django/django/commit/be8237c7cce24b06aabde0b97afce98ddabbe3b6;;;;;;
61;L;Directory Traversal;https://snyk.io/vuln/SNYK-PYTHON-DJANGO-1066259;django;[1.4,2.2.18),[3.0a1,3.0.12),[3.1a1,3.1.6);CVE-2021-3281;;https://github.com/django/django/commit/05413afa8c18cdb978fcdf470e09f7a12b234a23;;;;;;
62;M;Information Exposure;https://snyk.io/vuln/SNYK-PYTHON-DJANGO-571013;django;[3.0, 3.0.7),[2.2, 2.2.13);CVE-2020-13254;;https://github.com/django/django/commit/07e59caa02831c4569bbebb9eb773bdd9cb4b206;;;;;;
63;M;Cross-site Scripting (XSS);https://snyk.io/vuln/SNYK-PYTHON-DJANGO-571014;django;[3.0.0, 3.0.7),[2.2.0, 2.2.13);CVE-2020-13596;;https://github.com/django/django/commit/6d61860b22875f358fac83d903dc629897934815;;;;;;
64;M;Privilege Escalation;https://snyk.io/vuln/SNYK-PYTHON-DJANGO-536439;django;[2.1,2.1.15),[2.2,2.2.8);CVE-2019-19118;;https://github.com/django/django/commit/11c5e0609bcc0db93809de2a08e0dc3d70b393e4;;;;;;
65;H;Man-in-the-Middle (MitM);https://snyk.io/vuln/SNYK-PYTHON-DJANGO-451300;django;[1.11.0,1.11.22),[2.1.0,2.1.10),[2.2.0,2.2.3);CVE-2019-12781;;https://github.com/django/django/commit/54d0f5e62f54c29a12dd96f44bacd810cbe03ac8;;;;;;
66;L;Cross-site Scripting (XSS);https://snyk.io/vuln/SNYK-PYTHON-DJANGO-174885;django;[1.11.0,1.11.21),[2.1.0,2.1.9),[2.2.0, 2.2.2);CVE-2019-12308;;https://github.com/django/django/commit/afddabf8428ddc89a332f7a78d0d21eaf2b5a673;;;;;;
67;M;Uncontrolled Memory Consumption;https://snyk.io/vuln/SNYK-PYTHON-DJANGO-173679;django;[1.11.0,1.11.19),[2.0.0,2.0.11),[2.1.0,2.1.6);CVE-2019-6975;;https://github.com/django/django/commit/40cd19055773705301c3428ed5e08a036d2091f3;;;;;;
68;M;Content Spoofing;https://snyk.io/vuln/SNYK-PYTHON-DJANGO-72888;django;[,1.11.18),[2.0.0, 2.0.10),[2.1.0, 2.1.5);CVE-2019-3498;;https://github.com/django/django/commit/1ecc0a395;;;;;;
69;M;Information Exposure;https://snyk.io/vuln/SNYK-PYTHON-DJANGO-72562;django;[2.1.0, 2.1.2);CVE-2018-16984;;https://github.com/django/django/commit/f5335bc745d4f86d355b69549712885fd1634574;;;;https://github.com/django/django/pull/10449;;
70;L;Timing Attack;https://snyk.io/vuln/SNYK-PYTHON-DJANGO-40383;django;[,1.8.10),[1.9,1.9.3);CVE-2016-2513;;https://github.com/django/django/commit/67b46ba7016da2d259c1ecc7d666d11f5e1cfaab;;;;;;
71;H;Cross-site Scripting (XSS);https://snyk.io/vuln/SNYK-PYTHON-DJANGO-40382;django;[,1.8.10),[1.9,1.9.3);CVE-2016-2512;;https://github.com/django/django/commit/c5544d289233f501917e25970c03ed444abbd4f0;;;;;;
72;M;Information Exposure;https://snyk.io/vuln/SNYK-PYTHON-DJANGO-40359;django;[,1.7.11),[1.8,1.8.7);CVE-2015-8213;;https://github.com/django/django/commit/316bc3fc9437c5960c24baceb93c73f1939711e4;;;;;;
73;L;Information Exposure;https://snyk.io/vuln/SNYK-PYTHON-DJANGO-40262;django;[,1.4.14),[1.5,1.5.9),[1.6,1.6.6);CVE-2014-0483;;https://github.com/django/django/commit/2b31342cdf14fc20e07c43d258f1e7334ad664a6;;;;;;
74;M;Information Exposure;https://snyk.io/vuln/SNYK-PYTHON-DJANGO-40055;django;[,1.1.3),[1.2,1.2.4);CVE-2010-4534;;https://github.com/django/django/commit/732198ed5c;;;;;;
75;M;Denial of Service (DoS);https://snyk.io/vuln/SNYK-PYTHON-DJANGO-40056;django;[,1.1.3),[1.2,1.2.4);CVE-2010-4535;;https://github.com/django/django/commit/6819be1ea1;;;;;;
76;H;Information Exposure;https://snyk.io/vuln/SNYK-PYTHON-DJANGOANYMAIL-42078;django-anymail;[,1.4);CVE-2018-1000089;;https://github.com/anymail/django-anymail/commit/1a6086f2b58478d71f89bf27eb034ed81aefe5ef;https://github.com/anymail/django-anymail/releases/tag/v1.4;;;;;https://nvd.nist.gov/vuln/detail/CVE-2018-1000089
77;H;Timing Attack;https://snyk.io/vuln/SNYK-PYTHON-DJANGOANYMAIL-42050;django-anymail;[,1.2.1);CVE-2018-6596;;https://github.com/anymail/django-anymail/commit/c07998304b4a31df4c61deddcb03d3607a04691b;;;;;;https://nvd.nist.gov/vuln/detail/CVE-2018-6596
78;L;Regular Expression Denial of Service (ReDoS);https://snyk.io/vuln/SNYK-PYTHON-DJANGOCACHEOPS-40772;django-cacheops;[,4.0.6);;;https://github.com/Suor/django-cacheops/commit/adba2dc9908c50157d417fd7564669c11ed23b2a;;;;;;
79;M;Access Restriction Bypass;https://snyk.io/vuln/SNYK-PYTHON-DJANGOHASHIDFIELD-568867;django-hashid-field;[,3.1.1);;;https://github.com/nshafer/django-hashid-field/commit/2a0be45333c5a700bbba0e15533ff8dce589e956;;;;;;
80;M;Timing Attack;https://snyk.io/vuln/SNYK-PYTHON-DJANGOHAYSTACK-40757;django-haystack;[,1.1);;;https://github.com/django-haystack/django-haystack/commit/1b1b986890b5cb330b0b8a963b090e9b831c198c;;;;;;
81;H;Cross-site Scripting (XSS);https://snyk.io/vuln/SNYK-PYTHON-DJANGOJSREVERSE-460249;django-js-reverse;[,0.9.1);CVE-2019-15486;;https://github.com/ierror/django-js-reverse/commit/78d6aff2276f2d341f643b095515f8aaba5e67c2;;;;https://github.com/ierror/django-js-reverse/pull/81;;
82;M;Improper Input Validation;https://snyk.io/vuln/SNYK-PYTHON-DJANGOOAUTHTOOLKIT-1082326;django-oauth-toolkit;[, 0.8.0);;;https://github.com/jazzband/django-oauth-toolkit/commit/83367ffe5ad1046f5a5338537a8655cb1c16400d;;;;;;
83;H;Information Exposure;https://snyk.io/vuln/SNYK-PYTHON-DJANGOREGISTRATION-72413;django-registration;[,1.7);;;https://github.com/macropin/django-registration/commit/3a2e0182ff92cc8ce39a932e463cbac37e485afa;;;;https://github.com/macropin/django-registration/pull/268;;
84;M;Cross-site Scripting (XSS);https://snyk.io/vuln/SNYK-PYTHON-DJANGORESTFRAMEWORK-450194;djangorestframework;[,3.9.1);;;https://github.com/encode/django-rest-framework/commit/75a489150ae24c2f3c794104a8e98fa43e2c9ce9;;;;;;
85;M;Cross-site Scripting (XSS);https://snyk.io/vuln/SNYK-PYTHON-DJANGORESTFRAMEWORK-1014656;django-rest-framework;[, 3.11.2);CVE-2020-25626;;https://github.com/encode/django-rest-framework/commit/4121b01b912668c049b26194a9a107c27a332429;;;;;;
86;M;Open Redirect;https://snyk.io/vuln/SNYK-PYTHON-DJANGOREVPROXY-40112;django-revproxy;[,0.9.7);;;https://github.com/TracyWebTech/django-revproxy/commit/e9b4dfd162c73adbad6077355c9420d0c40d4f3f;;;;;;
87;M;Authentication Bypass;https://snyk.io/vuln/SNYK-PYTHON-DJANGOSELECT2-569039;django-select2;[,5.7.0);;;https://github.com/applegrew/django-select2/commit/4a1b83ad1e9b2523961a0f23706c70b01683494f;;;;;;
88;M;Insecure Defaults;https://snyk.io/vuln/SNYK-PYTHON-DJANGOSTORAGES-72415;django-storages;[,1.7);;;https://github.com/jschneier/django-storages/commit/6ee6a739752923c60eaa1e82262c1d07208ec7f6;;;;;;
89;H;Arbitrary Code Execution;https://snyk.io/vuln/SNYK-PYTHON-DJANGOTASTYPIE-40080;django-tastypie;[,0.9.10];CVE-2011-4104;;https://github.com/toastdriven/django-tastypie/commit/e8af315211b07c8f48f32a063233cc3f76dd5bc2;;;;;;https://web.nvd.nist.gov/view/vuln/detail?vulnId=CVE-2011-4104
90;M;Insufficiently Protected Credentials;https://snyk.io/vuln/SNYK-PYTHON-DJANGOTWOFACTORAUTH-575703;django-two-factor-auth;[,1.12);CVE-2020-15105;;https://github.com/Bouke/django-two-factor-auth/commit/454fd9842fa6e8bb772dbf0943976bc8e3335359;;;;;;
91;M;Session Key Exposure;https://snyk.io/vuln/SNYK-PYTHON-DJANGOUSERSESSIONS-543286;django-user-sessions;[,1.7.1);CVE-2020-5224;https://github.com/Bouke/django-user-sessions/security/advisories/GHSA-5fq8-3q2f-4m5g;https://github.com/jazzband/django-user-sessions/commit/f0c4077e7d1436ba6d721af85cee89222ca5d2d9;;;;;;
92;M;Access Restriction Bypass;https://snyk.io/vuln/SNYK-PYTHON-DJOSER-174565;djoser;[,1.5.1);;;https://github.com/sunscrapers/djoser/commit/fcd20f302fd1d5d37319b42094ad070f17ed36cc;;;;;https://github.com/sunscrapers/djoser/issues/366;
93;H;Authentication Bypass;https://snyk.io/vuln/SNYK-PYTHON-DJOSER-72874;djoser;[,1.3.2);;;https://github.com/sunscrapers/djoser/commit/73b84926d9566df12d48245b06c5d5c986bbb272;;;;;https://github.com/sunscrapers/djoser/issues/303;
94;M;Improper Authorization;https://snyk.io/vuln/SNYK-PYTHON-DYNAMODBENCRYPTIONSDK-1070809;dynamodb-encryption-sdk;[,1.3.0);;;https://github.com/aws/aws-dynamodb-encryption-python/commit/90606ec9af7c2b5cb338d64639a62ee867d38d6b;;;;;;
95;M;Timing Attack;https://snyk.io/vuln/SNYK-PYTHON-ECDSA-511942;ecdsa;[,0.14);;;https://github.com/indutny/elliptic/commit/ec735edde187a43693197f6fa3667ceade751a3a;;;;https://github.com/AntonKueltz/fastecdsa/pull/60;https://github.com/AntonKueltz/fastecdsa/issues/40;
96;H;Open Redirect;https://snyk.io/vuln/SNYK-PYTHON-ELASTICAPM-467105;elastic-apm;[,5.1.0);CVE-2019-7617;;https://github.com/elastic/apm-agent-python/commit/47286d746e05897c6b3af8d465aa56ab1ed8d678;;;;https://github.com/elastic/apm-agent-python/pull/551;https://github.com/elastic/apm-agent-python/issues/458;
97;M;Cross-site Request Forgery (CSRF);https://snyk.io/vuln/SNYK-PYTHON-FACEBOOKSDK-40605;facebook-sdk;[0.3.0,0.3.2);;;https://github.com/mobolic/facebook-sdk/commit/3fc17fa91feacba3b2188dcd6033962dd7c89326;;;;https://github.com/mobolic/facebook-sdk/pull/39;;
98;L;Arbitrary File Download;https://snyk.io/vuln/SNYK-PYTHON-FLASK-40002;flask;[,0.6.1);;;https://github.com/pallets/flask/commit/aeed530e3221c1b445c13269dcd2fb67548bcefc;;;;;;
99;M;Cross-site Scripting (XSS);https://snyk.io/vuln/SNYK-PYTHON-FLASKADMIN-72414;flask-admin;[,1.5.3);CVE-2018-16516;;https://github.com/flask-admin/flask-admin/pull/1699/commits/75e51ebca2c4ef236854cfe88a237177813d39c1;;;;https://github.com/flask-admin/flask-admin/pull/1699;;
100;M;Cross-site Scripting (XSS);https://snyk.io/vuln/SNYK-PYTHON-FLASKADMIN-72276;flask-admin;[,1.5.2);;;https://github.com/flask-admin/flask-admin/commit/0dc5a48fd0a4fdd28172e0bc508373ddb58fc50b;https://github.com/flask-admin/flask-admin/releases/tag/v1.5.2;;;;;
101;M;Cross-site Scripting (XSS);https://snyk.io/vuln/SNYK-PYTHON-FLASKADMIN-40592;flask-admin;[,1.3.0);;;https://github.com/flask-admin/flask-admin/commit/f447db0c78c03235d0dd6bdce0c5365fc6a7c321;;;;https://github.com/flask-admin/flask-admin/pull/1002;https://github.com/flask-admin/flask-admin/issues/1000;
102;M;Incorrect Default Permissions;https://snyk.io/vuln/SNYK-PYTHON-FLASKAPPBUILDER-565889;flask-appbuilder;[,2.2.3);;;https://github.com/dpgaspar/Flask-AppBuilder/commit/08942c100174a111af41ff90e5444253b83d6294;;;;https://github.com/dpgaspar/Flask-AppBuilder/pull/1259;;
103;M;Cross-site Scripting (XSS);https://snyk.io/vuln/SNYK-PYTHON-FLOWER-40603;flower;[,0.9.2);;;https://github.com/mher/flower/commit/ba454515ee13a2940e728dabfec25b136cce8a23;;;;https://github.com/mher/flower/pull/651;https://github.com/mher/flower/issues/650;
104;H;Double Free;https://snyk.io/vuln/SNYK-PYTHON-GDAL-473011;gdal;[,3.0.2);CVE-2019-17545;;https://github.com/OSGeo/gdal/commit/148115fcc40f1651a5d15fa34c9a8c528e7147bb;;;;;;
105;M;Arbitrary Code Injection;https://snyk.io/vuln/SNYK-PYTHON-GRAPHITEWEB-40229;graphite-web;[0.9.5,0.9.11);CVE-2013-5093;;https://github.com/graphite-project/graphite-web/commit/4a9f98647be279a39a982bd94922fdec710b0b3f;;;;;;https://web.nvd.nist.gov/view/vuln/detail?vulnId=CVE-2013-5093
106;M;HTTP Request Smuggling;https://snyk.io/vuln/SNYK-PYTHON-GUNICORN-541164;gunicorn;[,19.10.0),[20.0.0,20.0.1);;;https://github.com/benoitc/gunicorn/commit/c5be1bae5c42b1e600be22d0655fc3ec4e4711cb;;;;https://github.com/benoitc/gunicorn/pull/2181;https://github.com/benoitc/gunicorn/issues/2176;
107;H;HTTP Response Splitting;https://snyk.io/vuln/SNYK-PYTHON-GUNICORN-42097;gunicorn;[,19.5.0);CVE-2018-1000164;;https://github.com/fofanov/gunicorn/commit/6c3d8f9c205f541a6ae0a1d5eba32b1cfca252ee;;;;;https://github.com/benoitc/gunicorn/issues/1227;https://nvd.nist.gov/vuln/detail/CVE-2018-1000164
108;M;Man-in-the-Middle (MitM);https://snyk.io/vuln/SNYK-PYTHON-HOMEASSISTANT-42167;homeassistant;[0.56,0.73.2);;;https://github.com/home-assistant/home-assistant/commit/0f12b37977766647dcc34a0189b37c7379b5f665;https://github.com/home-assistant/home-assistant/releases;;;;;
109;H;Open Redirect;https://snyk.io/vuln/SNYK-PYTHON-HTTPIE-460107;httpie;[,1.0.3);CVE-2019-10751;;https://github.com/jakubroztocil/httpie/commit/df36d6255df5793129b02ac82f1010171bd8a0a8;;;;;;
110;H;Regular Expression Denial of Service (ReDoS);https://snyk.io/vuln/SNYK-PYTHON-HTTPLIB2-1065795;httplib2;[0,0.19.0);CVE-2021-21240;;https://github.com/httplib2/httplib2/commit/bd9ee252c8f099608019709e22c0d705e98d26bc;;;;;;
111;H;CRLF Injection;https://snyk.io/vuln/SNYK-PYTHON-HTTPLIB2-570767;httplib2;[,0.18.0);;;https://github.com/httplib2/httplib2/commit/a1457cc31f3206cf691d11d2bf34e98865873e9e;;;;;;
112;M;Arbitrary Code Injection;https://snyk.io/vuln/SNYK-PYTHON-IMAGEIO-564348;imageio;[,2.6.0);;;https://github.com/imageio/imageio/commit/5b398716d518cd14e8b978ea3cd8ec6c0236c1d8;;;;;;
113;M;Arbitrary Code Execution;https://snyk.io/vuln/SNYK-PYTHON-IPYTHON-40724;ipython;[,3.2.2);https://nvd.nist.gov/vuln/detail/CVE-2015-7337;;https://github.com/ipython/ipython/commit/0a8096adf165e2465550bd5893d7e352544e5967;;;;;;https://nvd.nist.gov/vuln/detail/CVE-2015-7337
114;H;Sandbox Bypass;https://snyk.io/vuln/SNYK-PYTHON-JINJA2-455616;jinja2;[2.5, 2.8.1);CVE-2016-10745;;https://github.com/pallets/jinja/commit/9b53045c34e61013dc8f09b7e52a555fa16bed16;;;;;;
115;M;Privilege Escalation;https://snyk.io/vuln/SNYK-PYTHON-JINJA2-40250;jinja2;[2.7.2];CVE-2014-1402;;https://github.com/mitsuhiko/jinja2/commit/acb672b6a179567632e032f547582f30fa2f4aa7;;;;;;https://web.nvd.nist.gov/view/vuln/detail?vulnId=CVE-2014-0012
116;M;Insecure Defaults;https://snyk.io/vuln/SNYK-PYTHON-JINJA2-40028;jinja2;[,2.7.2);CVE-2014-1402;;https://github.com/mitsuhiko/jinja2/commit/acb672b6;;;;;;
117;M;Information Exposure;https://snyk.io/vuln/SNYK-PYTHON-JWCRYPTO-40404;jwcrypto;[,0.3.2);CVE-2016-6298;;https://github.com/latchset/jwcrypto/commit/eb5be5bd94c8cae1d7f3ba9801377084d8e5a7ba;;;;https://github.com/latchset/jwcrypto/pull/66;https://github.com/latchset/jwcrypto/issues/65;https://web.nvd.nist.gov/view/vuln/detail?vulnId=CVE-2016-6298
118;M;Cross-site Request Forgery (CSRF);https://snyk.io/vuln/SNYK-PYTHON-LUIGI-72726;luigi;[2.3.3,2.8.0);CVE-2018-1000843;;https://github.com/spotify/luigi/commit/06e3d9163c36f347cef09d9442aff55a10660f31;;;;;;
119;M;Cross-site Scripting (XSS);https://snyk.io/vuln/SNYK-PYTHON-LUIGI-42176;luigi;[,2.7.5);;;https://github.com/spotify/luigi/commit/695079822e6329614d16595c626f466c75446b70;;;;https://github.com/spotify/luigi/pull/2391;;
120;H;Cross-site Scripting (XSS);https://snyk.io/vuln/SNYK-PYTHON-LXML-1047473;lxml;[,4.6.2);CVE-2020-27783;;https://github.com/lxml/lxml/commit/a105ab8dc262ec6735977c25c13f0bdfcdec72a7;;;;;;
121;M;Arbitrary File Write;https://snyk.io/vuln/SNYK-PYTHON-LXML-1047474;lxml;[,4.4.0);;;https://github.com/lxml/lxml/commit/0245aba002f069a0b157282707bdf77418d1b5be;;;;;;
122;M;Cross-site Scripting (XSS);https://snyk.io/vuln/SNYK-PYTHON-LXML-72651;lxml;[,4.2.5);CVE-2018-19787;;https://github.com/lxml/lxml/commit/6be1d081b49c97cfd7b3fbd934a193b668629109;;;;;;
123;H;Regular Expression Denial of Service (ReDoS);https://snyk.io/vuln/SNYK-PYTHON-MARKDOWN2-1063233;markdown2;[1.0.1.18, 2.4.0);;;https://github.com/trentm/python-markdown2/commit/7b651260739647de5198323e0445b1618750c374;;;;https://github.com/trentm/python-markdown2/pull/387;;
124;M;Cross-site Scripting (XSS);https://snyk.io/vuln/SNYK-PYTHON-MARKDOWN2-40770;markdown2;[,2.3.7);CVE-2018-5773;;https://github.com/trentm/python-markdown2/commit/1b1dcdd727c0ef03453b9f5ef5ae3679f1d72323;;;;https://github.com/trentm/python-markdown2/pull/315;https://github.com/trentm/python-markdown2/issues/285;
125;M;Information Exposure;https://snyk.io/vuln/SNYK-PYTHON-MARSHMALLOW-72559;marshmallow;[,2.15.1),[3.0.0a1,3.0.0b9);CVE-2018-17175;;https://github.com/marshmallow-code/marshmallow/commit/98f2b4759c9a7c7ac5e790727d47f2b328520713;;;;;https://github.com/marshmallow-code/marshmallow/issues/772;
126;M;Cross-site Scripting (XSS);https://snyk.io/vuln/SNYK-PYTHON-MISTUNE-40765;mistune;[,0.8.1);CVE-2017-16876;;https://github.com/lepture/mistune/commit/5f06d724bc05580e7f203db2d4a4905fc1127f98;;;;;;
127;H;Command Injection;https://snyk.io/vuln/SNYK-PYTHON-MITMPROXY-565718;mitmproxy;[,5.0.0);;;https://github.com/mitmproxy/mitmproxy/commit/d027891cec67e190403fc4fa73f17d7a74f02720;;;;;;
128;M;Denial of Service (DoS);https://snyk.io/vuln/SNYK-PYTHON-MSGPACK-72872;msgpack;[,0.6.0);;;https://github.com/msgpack/msgpack-python/commit/3b80233592674d18c8db7a62fa56504a5a285296;;;;https://github.com/msgpack/msgpack-python/pull/319;;
129;M;Arbitrary File Write via Archive Extraction (Zip Slip);https://snyk.io/vuln/SNYK-PYTHON-NLTK-460224;nltk;[,3.4.5);CVE-2019-14751;;https://github.com/nltk/nltk/commit/f59d7ed8df2e0e957f7f247fe218032abdbe9a10;;;;;;
130;M;Open Redirect;https://snyk.io/vuln/SNYK-PYTHON-NOTEBOOK-1041707;notebook;[,6.1.5);CVE-2020-26215;;https://github.com/jupyter/notebook/commit/32bd47068bcd042e7a76f46f3be44d9a59143820;;;;;;
131;M;Cross-site Scripting (XSS);https://snyk.io/vuln/SNYK-PYTHON-NOTEBOOK-174029;notebook;[,5.7.7);CVE-2019-10255;;https://github.com/jupyter/notebook/commit/08c4c898182edbe97aadef1815cce50448f975cb;;;;;;
132;M;Cross-site Inclusion;https://snyk.io/vuln/SNYK-PYTHON-NOTEBOOK-173774;notebook;[,5.7.6);CVE-2019-9644;;https://github.com/jupyter/notebook/commit/bfaa61385729ed4fb453863053f9a79141f01119;;;;;;
133;M;Cross-site Scripting (XSS);https://snyk.io/vuln/SNYK-PYTHON-NOTEBOOK-72620;notebook;[,5.7.2);CVE-2018-19352;;https://github.com/jupyter/notebook/commit/288b73e1edbf527740e273fcc69b889460871648;;;;;;
134;M;Cross-site Scripting (XSS);https://snyk.io/vuln/SNYK-PYTHON-NOTEBOOK-72621;notebook;[,5.7.1);CVE-2018-19351;;https://github.com/jupyter/notebook/commit/107a89fce5f413fb5728c1c5d2c7788e1fb17491;;;;;;
135;H;Arbitrary Code Execution;https://snyk.io/vuln/SNYK-PYTHON-NUMPY-73513;numpy;[0,1.16.3);CVE-2019-6446;;https://github.com/numpy/numpy/commit/89b688732b37616c9d26623f81aaee1703c30ffb;;;;https://github.com/numpy/numpy/pull/13359;https://github.com/numpy/numpy/issues/12759;
136;M;Symlink Attack;https://snyk.io/vuln/SNYK-PYTHON-NUMPY-42067;numpy;[,1.8.2);CVE-2014-1859;;https://github.com/numpy/numpy/commit/0bb46c1448b0d3f5453d5182a17ea7ac5854ee15;;;;https://github.com/numpy/numpy/pull/4262;;https://nvd.nist.gov/vuln/detail/CVE-2014-1859
137;M;Insecure Encryption;https://snyk.io/vuln/SNYK-PYTHON-OIC-40768;oic;[,0.11.0.0);;;https://github.com/OpenIDC/pyoidc/commit/64665112587ef43a57cb09442dd5dd3d175f583e;;;;https://github.com/OpenIDC/pyoidc/pull/354;https://github.com/OpenIDC/pyoidc/issues/349;
138;H;Authentication Bypass;https://snyk.io/vuln/SNYK-PYTHON-PARAMIKO-455391;paramiko;[1.5.1, 2.0.9);CVE-2018-1000805;;https://github.com/paramiko/paramiko/commit/56c96a659658acdbb873aef8809a7b508434dcce;;;;;https://github.com/paramiko/paramiko/issues/1283;
139;H;Authentication Bypass;https://snyk.io/vuln/SNYK-PYTHON-PARAMIKO-42086;paramiko;[,1.17.6),[1.18.0, 1.18.5),[2.0.0, 2.0.8),[2.1.0, 2.1.5),[2.2.0, 2.2.3),[2.3.0,2.3.2),[2.4.0, 2.4.1);CVE-2018-7750;;https://github.com/paramiko/paramiko/commit/fa29bd8446c8eab237f5187d28787727b4610516;;;;;https://github.com/paramiko/paramiko/issues/1175;
140;H;Cross-site Scripting (XSS);https://snyk.io/vuln/SNYK-PYTHON-PDOC3-608847;pdoc3;[, 0.9.0);;;https://github.com/pdoc3/pdoc/commit/d9df475f5ab8afd2c45c920827ddd75fcb66b238;;;;;;
141;L;Cryptographic Issues;https://snyk.io/vuln/SNYK-PYTHON-PEEWEE-567791;peewee;[,2.10.0);;;https://github.com/coleifer/peewee/commit/6aee106831eed8c214086a20b26f72f2abff8db5;;;;;;
142;H;Denial of Service (DoS);https://snyk.io/vuln/SNYK-PYTHON-PILLOW-1081494;pillow;[,8.1.2);CVE-2021-27921;;https://github.com/python-pillow/Pillow/commit/756fff33128a0b643d10518a26ad04b726dd8973;;;;;;
143;H;Out-of-bounds Read;https://snyk.io/vuln/SNYK-PYTHON-PILLOW-1080635;pillow;[,8.1.1);CVE-2021-25291;;https://github.com/python-pillow/Pillow/commit/4853e522bddbec66022c0915b9a56255d0188bf9;;;;;;
144;H;Regular Expression Denial of Service (ReDoS);https://snyk.io/vuln/SNYK-PYTHON-PILLOW-1080654;pillow;[0,8.1.1);CVE-2021-25292;;https://github.com/python-pillow/Pillow/commit/3bce145966374dd39ce58a6fc0083f8d1890719c;;;;;;
145;M;Buffer Overflow;https://snyk.io/vuln/SNYK-PYTHON-PILLOW-574577;pillow;[, 7.1.0);CVE-2020-10379;;https://github.com/python-pillow/Pillow/commit/46f4a349b88915787fea3fb91348bb1665831bbb#diff-9478f2787e3ae9668a15123b165c23ac;;;;https://github.com/python-pillow/Pillow/pull/4538;;
146;M;Out-of-bounds Read;https://snyk.io/vuln/SNYK-PYTHON-PILLOW-574575;pillow;[0, 7.1.0);CVE-2020-10994;;https://github.com/python-pillow/Pillow/commits/master/src/libImaging/;;;;https://github.com/python-pillow/Pillow/pull/4505;;
147;M;Out-of-bounds Read;https://snyk.io/vuln/SNYK-PYTHON-PILLOW-574576;pillow;[, 7.1.0);CVE-2020-10378;;https://github.com/python-pillow/Pillow/commit/6a83e4324738bb0452fbe8074a995b1c73f08de7#diff-9478f2787e3ae9668a15123b165c23ac;;;;https://github.com/python-pillow/Pillow/pull/4538;;
148;H;Integer Overflow;https://snyk.io/vuln/SNYK-PYTHON-PILLOW-541326;pillow;[,6.2.2);CVE-2020-5310;;https://github.com/python-pillow/Pillow/commit/4e2def2539ec13e53a82e06c4b3daf00454100c4;;;;;;
149;H;Buffer Overflow;https://snyk.io/vuln/SNYK-PYTHON-PILLOW-541325;pillow;[,6.2.2);CVE-2020-5311;;https://github.com/python-pillow/Pillow/commit/a79b65c47c7dc6fe623aadf09aa6192fc54548f3;;;;;;
150;H;Buffer Overflow;https://snyk.io/vuln/SNYK-PYTHON-PILLOW-541324;pillow;[,6.2.2);CVE-2020-5312;;https://github.com/python-pillow/Pillow/commit/93b22b846e0269ee9594ff71a72bec02d2bea8fd;;;;;;
151;H;Buffer Overflow;https://snyk.io/vuln/SNYK-PYTHON-PILLOW-541323;pillow;[,6.2.2);CVE-2020-5313;;https://github.com/python-pillow/Pillow/commit/a09acd0decd8a87ccce939d5ff65dab59e7d365b;;;;;;
152;H;Arbitrary Command Execution;https://snyk.io/vuln/SNYK-PYTHON-PILLOW-40037;pillow;[,2.5.0);CVE-2014-1932;;https://github.com/python-pillow/Pillow/commit/d8f55e3f50b0df2c850d15deedb46cb0e33a4cd8;;;;https://github.com/python-pillow/Pillow/pull/731;;
153;M;Symlink Attack;https://snyk.io/vuln/SNYK-PYTHON-PILLOW-40034;pillow;[,2.3.1);CVE-2014-1932;;https://github.com/python-pillow/Pillow/commit/4e9f367dfd3f04c8f5d23f7f759ec12782e10ee7;;;;;;
154;H;Directory Traversal;https://snyk.io/vuln/SNYK-PYTHON-PIP-609855;pip;[,19.2);CVE-2019-20916;;https://github.com/gzpan123/pip/commit/a4c735b14a62f9cb864533808ac63936704f2ace;;;;;https://github.com/pypa/pip/issues/6413;
155;H;Arbitrary File Write via Archive Extraction (Zip Slip);https://snyk.io/vuln/SNYK-PYTHON-PLATFORMIO-568834;platformio;[,4.1.0);;;https://github.com/platformio/platformio-core/commit/798b12ce7b097fdcb5056d84054fe157aa12a9ff;;;;;https://github.com/platformio/platformio-core/issues/2995;
156;H;Double Free;https://snyk.io/vuln/SNYK-PYTHON-PSUTIL-483082;psutil;[0,5.6.7);CVE-2019-18874;;https://github.com/giampaolo/psutil/pull/1616/commits/29815d3a144a4f8a48f91e6d849ff4ba85f69cb1;;;;https://github.com/giampaolo/psutil/pull/1616;;
157;M;Regular Expression Denial of Service (ReDoS);https://snyk.io/vuln/SNYK-PYTHON-PY-1049546;py;[0, 1.10.0);CVE-2020-29651;;https://github.com/pytest-dev/py/pull/257/commits/4a9017dc6199d2a564b6e4b0aa39d6d8870e4144;;;;https://github.com/pytest-dev/py/pull/257;https://github.com/pytest-dev/py/issues/256;
158;H;Arbitrary Code Execution;https://snyk.io/vuln/SNYK-PYTHON-PYCRYPTO-40249;pycrypto;[,2.7a1];CVE-2013-7459;;https://github.com/dlitz/pycrypto/commit/8dbe0dc3eea5c689d4f76b37b93fe216cf1f00d4;;;;;https://github.com/dlitz/pycrypto/issues/176;https://web.nvd.nist.gov/view/vuln/detail?vulnId=CVE-2013-7459
159;H;Regular Expression Denial of Service (ReDoS);https://snyk.io/vuln/SNYK-PYTHON-PYGMENTS-1086606;pygments;[1.1,2.7.4);CVE-2021-27291;;https://github.com/pygments/pygments/commit/2e7e8c4a7b318f4032493773732754e418279a14;;;https://gist.github.com/b-c-ds/b1a2cc0c68a35c57188575eb496de5ce;;;
160;H;Execution with Unnecessary Privileges;https://snyk.io/vuln/SNYK-PYTHON-PYINSTALLER-541867;pyinstaller;[,3.6);CVE-2019-16784;https://github.com/pyinstaller/pyinstaller/security/advisories/GHSA-7fcj-pq9j-wh2r;https://github.com/pyinstaller/pyinstaller/commit/42a67148b3bdf9211fda8499fdc5b63acdd7e6cc;;;;;;
161;H;Denial of Service (DoS);https://snyk.io/vuln/SNYK-PYTHON-PYKMIP-72725;pykmip;[,0.8.0);CVE-2018-1000872;;https://github.com/OpenKMIP/PyKMIP/commit/06c960236bcaf6717fc5cf66cf8b5179804c5a05;;;;;https://github.com/OpenKMIP/PyKMIP/issues/430;
162;H;Regular Expression Denial of Service (ReDoS);https://snyk.io/vuln/SNYK-PYTHON-PYLINT-609883;pylint;[0,2.6.1);;;https://github.com/PyCQA/pylint/commit/5405dd5115d598fa69e49538d50ec79202b1b52e;;;;;https://github.com/PyCQA/pylint/issues/3811;
163;M;Information Exposure;https://snyk.io/vuln/SNYK-PYTHON-PYOMO-1055218;pyomo;[,5.7.2);;;https://github.com/Pyomo/pyomo/pull/1654/commits/00dbf2678430cc8dd8a5c30c7d9bc7974925cca4;;;;;;
164;M;Denial of Service (DoS);https://snyk.io/vuln/SNYK-PYTHON-PYOPENSSL-72430;pyopenssl;[,17.5.0);CVE-2018-1000808;;https://github.com/pyca/pyopenssl/commit/e73818600065821d588af475b024f4eb518c3509;;;;https://github.com/pyca/pyopenssl/pull/723;;
165;M;CRLF Injection;https://snyk.io/vuln/SNYK-PYTHON-PYPISERVER-173983;pypiserver;[,1.2.6);;;https://github.com/pypiserver/pypiserver/commit/1375a67c55a9b8d4619df30d2a1c0b239d7357e6;;;;;https://github.com/pypiserver/pypiserver/issues/237;
166;M;CRLF Injection;https://snyk.io/vuln/SNYK-PYTHON-PYPISERVER-73607;pypiserver;[,1.2.6);CVE-2019-6802;;https://github.com/pypiserver/pypiserver/commit/2caabfd5aa57ff03df5dd65f1b1823cf6639bdc8;;;;;https://github.com/pypiserver/pypiserver/issues/237;
167;H;Cross-site Scripting (XSS);https://snyk.io/vuln/SNYK-PYTHON-PYRAMID-564352;pyramid;[,1.1a1);;;https://github.com/Pylons/pyramid/commit/d0f62591ceb2f6ba6efe98ccf75703e7baee687e;;;;;https://github.com/Pylons/pyramid/issues/193;
168;M;Cross-site Scripting (XSS);https://snyk.io/vuln/SNYK-PYTHON-PYRAMID-40730;pyramid;[,1.6a2);;;https://github.com/Pylons/pyramid/commit/67efda77a878450c217b90370e1a47e2d35d772a;;;;;;
169;M;Insecure Defaults;https://snyk.io/vuln/SNYK-PYTHON-PYSAML2-1063038;pysaml2;[,6.5.0);CVE-2021-21239;;https://github.com/IdentityPython/pysaml2/commit/751dbf50a51131b13d55989395f9b115045f9737;;;;;;
170;M;Improper Validation;https://snyk.io/vuln/SNYK-PYTHON-PYSAML2-1063039;pysaml2;[,6.5.0);CVE-2021-21238;;https://github.com/IdentityPython/pysaml2/commit/3b707723dcf1bf60677b424aac398c0c3557641d;;;;;;
171;M;XML Signature Wrapping;https://snyk.io/vuln/SNYK-PYTHON-PYSAML2-543298;pysaml2;[,5.0.0);CVE-2020-5390;;https://github.com/IdentityPython/pysaml2/commit/5e9d5acbcd8ae45c4e736ac521fd2df5b1c62e25;;;;;;
172;M;Weak Encryption;https://snyk.io/vuln/SNYK-PYTHON-PYSAML2-42108;pysaml2;[,4.6.0);CVE-2017-1000246;;https://github.com/IdentityPython/pysaml2/commit/79d679883f0b198511ea5eeaaf53f1f625e8d938;https://github.com/IdentityPython/pysaml2/releases/tag/v4.6.0;;;;https://github.com/IdentityPython/pysaml2/issues/417;
173;M;Information Exposure;https://snyk.io/vuln/SNYK-PYTHON-PYSPARK-570764;pyspark;[,2.3.3);CVE-2019-10099;;https://github.com/apache/spark/commit/09dd34cb1706f2477a89174d6a1a0f17ed5b0a65;;;;;;
174;M;Improper Input Validation;https://snyk.io/vuln/SNYK-PYTHON-PYTHON3SAML-1066254;python3-saml;[,1.5.0);;;https://github.com/onelogin/python3-saml/commit/61eacb44d5789bd96edd11309a2bcae66e0d725f;;;;;;
175;H;Denial of Service (DoS);https://snyk.io/vuln/SNYK-PYTHON-PYTHONLEVENSHTEIN-1061894;python-levenshtein;[0,0.12.1);;;https://github.com/ztane/python-Levenshtein/commit/c335ac0167f7ebb4a7b01ecd7581f7a03aa71187;;;;;https://github.com/ztane/python-Levenshtein/issues/62;
176;H;Arbitrary Code Execution;https://snyk.io/vuln/SNYK-PYTHON-PYYAML-590151;pyyaml;[0,5.4);CVE-2020-14343;;https://github.com/yaml/pyyaml/commit/a001f2782501ad2d24986959f0239a354675f9dc;;;;;https://github.com/yaml/pyyaml/issues/420;
177;H;Arbitrary Code Execution;https://snyk.io/vuln/SNYK-PYTHON-PYYAML-559098;pyyaml;[0,5.3.1);CVE-2020-1747;;https://github.com/yaml/pyyaml/commit/5080ba513377b6355a0502104846ee804656f1e0;;;;https://github.com/yaml/pyyaml/pull/386;;
178;H;Arbitrary Code Execution;https://snyk.io/vuln/SNYK-PYTHON-PYYAML-42159;pyyaml;[,4.2b1);CVE-2017-18342;;https://github.com/yaml/pyyaml/commit/bbcf95fa051fdba9bbf879332e2f7999b195cf95;;;;https://github.com/yaml/pyyaml/pull/74;;
179;H;Server-Side Request Forgery (SSRF);https://snyk.io/vuln/SNYK-PYTHON-RECURLY-42038;recurly;[,2.0.6),[2.1,2.1.16),[2.2,2.2.22),[2.3,2.3.1),[2.4,2.4.5),[2.5,2.5.1),[2.6,2.6.2);CVE-2017-0906;;https://github.com/recurly/recurly-client-python/commit/049c74699ce93cf126feff06d632ea63fba36742;;;;;;
180;H;Information Exposure;https://snyk.io/vuln/SNYK-PYTHON-REQUESTS-72435;requests;[,2.20);CVE-2018-18074;;https://github.com/requests/requests/commit/c45d7c49ea75133e52ab22a8e9e13173938e36ff;;;;https://github.com/requests/requests/pull/4718;https://github.com/requests/requests/issues/4716;
181;M;Session Fixation;https://snyk.io/vuln/SNYK-PYTHON-REQUESTS-40316;requests;[2.1.0,2.6.0);CVE-2015-2296;;https://github.com/kennethreitz/requests/commit/3bd8afbff29e50b38f889b2f688785a669b9aafc;;;;;;
182;M;Information Exposure;https://snyk.io/vuln/SNYK-PYTHON-REQUESTS-40031;requests;[,2.3.0);CVE-2014-1830;;https://github.com/kennethreitz/requests/commit/4d8cb3244e8e4f84b250c10a48e025f9a8bf6137;;;;;https://github.com/kennethreitz/requests/issues/1885#issuecomment-33793651;
183;M;Information Exposure;https://snyk.io/vuln/SNYK-PYTHON-REQUESTS-40030;requests;[,2.3.0);CVE-2014-1829;;https://github.com/kennethreitz/requests/commit/f1893c835570d72823c970fbd6e0e42c13b1f0f2;;;;;https://github.com/kennethreitz/requests/issues/1885;
184;M;Denial of Service (DoS);https://snyk.io/vuln/SNYK-PYTHON-REQUESTS-40480;requests;[,1.2.3];;;https://github.com/requests/requests/pull/547/commits/c3e6c41fc164d4348f8ce197bd0075aff05637af;;;;https://github.com/requests/requests/pull/547;https://github.com/requests/requests/issues/541;
185;M;Authentication Bypass;https://snyk.io/vuln/SNYK-PYTHON-REQUESTSKERBEROS-40296;requests-kerberos;[0.2,0.6);CVE-2014-8650;;https://github.com/requests/requests-kerberos/commit/208bebb7008796a07be0204d9b5beaa55d2373ae;;;;https://github.com/requests/requests-kerberos/pull/36;https://github.com/requests/requests-kerberos/issues/35;
186;M;Insecure use of temporary file;https://snyk.io/vuln/SNYK-PYTHON-RPLY-40029;rply;[,0.7.0);CVE-2014-1604;;https://github.com/alex/rply/commit/fc9bbcd25b0b4f09bbd6339f710ad24c129d5d7c;;;;;;
187;M;Access Restriction Bypass;https://snyk.io/vuln/SNYK-PYTHON-RSA-570831;rsa;[0,4.1);CVE-2020-13757;;https://github.com/sybrenstuvel/python-rsa/commit/93af6f2f89a9bf28361e67716c4240e691520f30;;;;;https://github.com/sybrenstuvel/python-rsa/issues/146;
188;M;Timing Attack;https://snyk.io/vuln/SNYK-PYTHON-RSA-40541;rsa;[3.0,3.4.0);;;https://github.com/sybrenstuvel/python-rsa/commit/2310b34bdb530e0bad793d42f589c9f848ff181b;;;;;https://github.com/sybrenstuvel/python-rsa/issues/19;
189;H;Authentication Bypass;https://snyk.io/vuln/SNYK-PYTHON-RSA-40542;rsa;[3.0,3.4);;;https://github.com/sybrenstuvel/python-rsa/commit/1681a0b2f84a4a252c71b87de870a2816de06fdf;;;;;https://github.com/sybrenstuvel/python-rsa/issues/13;
190;H;Remote Code Execution (RCE);https://snyk.io/vuln/SNYK-PYTHON-SALT-1037600;salt;[,3000.4),[3001,3001.2);CVE-2020-16846;;https://github.com/saltstack/salt/commit/812ebd3038ba1816731b5cc80e872dc330e5d81e;;;;;;
191;H;Authentication Bypass;https://snyk.io/vuln/SNYK-PYTHON-SALT-1037601;salt;[3002,3002.1);CVE-2020-25592;;https://github.com/saltstack/salt/commit/daa39c58370641913aa8d5a7a0f44254973dd66b;;;;;;
192;M;Improper Access Control;https://snyk.io/vuln/SNYK-PYTHON-SALT-1037602;salt;[,3000.4),[3001,3001.2),[3002, 3002.1);CVE-2020-17490;;https://github.com/saltstack/salt/commit/86e18b91ae006de381f71b972f1daab9239bad3c;;;;;;
193;H;Credential Exposure;https://snyk.io/vuln/SNYK-PYTHON-SALT-42127;salt;[,2016.11.4);CVE-2017-8109;;https://github.com/saltstack/salt/pull/40609/commits/6e34c2b5e5e849302af7ccd00509929c3809c658;;;;https://github.com/saltstack/salt/pull/40609;https://github.com/saltstack/salt/issues/40075;https://nvd.nist.gov/vuln/detail/CVE-2017-8109
194;M;Insecure use of /tmp folder;https://snyk.io/vuln/SNYK-PYTHON-SALT-42071;salt;[,2014.7.4);CVE-2015-1839;;https://github.com/saltstack/salt/commit/22d2f7a1ec93300c34e8c42d14ec39d51e610b5c;;;;;;https://nvd.nist.gov/vuln/detail/CVE-2015-1839
195;H;Directory Traversal;https://snyk.io/vuln/SNYK-PYTHON-SANIC-40704;sanic;[,0.5.1);CVE-2017-16762;;https://github.com/channelcat/sanic/commit/18829e648a26d947b7e441a9d7d012a24b0adf48;;;;https://github.com/channelcat/sanic/pull/635;https://github.com/channelcat/sanic/issues/633;https://nvd.nist.gov/vuln/detail/CVE-2017-16762
196;H;Denial of Service (DoS);https://snyk.io/vuln/SNYK-PYTHON-SCAPY-451666;scapy;[,2.4.1);CVE-2019-1010142;;https://github.com/secdev/scapy/pull/1409/commits/0d7ae2b039f650a40e511d09eb961c782da025d9;;;;https://github.com/secdev/scapy/pull/1409/files#diff-441eff981e466959968111fc6314fe93L1058;;
197;M;Denial of Service (DoS);https://snyk.io/vuln/SNYK-PYTHON-SCAPY-174816;scapy;[,2.4.1);;;https://github.com/secdev/scapy/commit/905c80d6ed435477224c53de8850f763b04d495d;;;;;;
198;M;Cross-site Scripting (XSS);https://snyk.io/vuln/SNYK-PYTHON-SCEPTRE-569070;sceptre;[,2.3.0);;;https://github.com/Sceptre/sceptre/commit/6d4124bdc9d4d5277c3f5cdc5eb7d6db9696b667;;;;;;
199;H;XML External Entity (XXE) Injection;https://snyk.io/vuln/SNYK-PYTHON-SCRAPY-174817;scrapy;[,0.24.0);;;https://github.com/scrapy/scrapy/pull/676/commits/43217fd698135b4795d191f8a935f3ba0b869c54;;;;https://github.com/scrapy/scrapy/pull/676;;
200;M;Cross-site Scripting (XSS);https://snyk.io/vuln/SNYK-PYTHON-SPHINX-570772;sphinx;[,3.0.4);CVE-2020-11022;;https://github.com/jquery/jquery/commit/1d61fd9407e6fbe82fe55cb0b938307aa0791f77;;;;;;
201;H;Man-in-the-Middle (MitM);https://snyk.io/vuln/SNYK-PYTHON-SPLUNKSDK-174097;splunk-sdk;[,1.6.6);CVE-2019-5729;;https://github.com/splunk/splunk-sdk-python/commit/35ca7747b5eb327723a42053f57ea960c15892ce;;;;https://github.com/splunk/splunk-sdk-python/pull/233;;
202;L;Symlink Attack;https://snyk.io/vuln/SNYK-PYTHON-SUDSPY3-1056870;suds-py3;[,1.4.4.1);CVE-2013-2217;;https://github.com/andersinno/suds-jurko/commit/2d17fcf77d303d156d24a91a7151672eada16bcd;;;;;;
203;M;XML External Entity (XXE) Injection;https://snyk.io/vuln/SNYK-PYTHON-SVGLIB-560926;svglib;[0,0.9.4);CVE-2020-10799;;https://github.com/deeplook/svglib/commit/d6d08c4323a3656ee5ebe9a072a6e6237efde800;;;;;https://github.com/deeplook/svglib/issues/229;
204;M;Improper Input Validation;https://snyk.io/vuln/SNYK-PYTHON-TENSORFLOW-1013605;tensorflow;[,1.15.4),[2.0.0, 2.0.3),[2.1.0, 2.1.2),[2.2.0, 2.2.1),[2.3.0, 2.3.1);CVE-2020-15210;https://github.com/tensorflow/tensorflow/security/advisories/GHSA-x9j7-x98r-r4w2;https://github.com/tensorflow/tensorflow/commit/d58c96946b2880991d63d1dacacb32f0a4dfa453;https://github.com/tensorflow/tensorflow/releases/tag/v2.3.1;;;;;
205;M;NULL Pointer Dereference;https://snyk.io/vuln/SNYK-PYTHON-TENSORFLOW-1013553;tensorflow;[,1.15.4),[2.0.0, 2.0.3),[2.1.0, 2.1.2),[2.2.0, 2.2.1),[2.3.0, 2.3.1);CVE-2020-15209;https://github.com/tensorflow/tensorflow/security/advisories/GHSA-qh32-6jjc-qprm;https://github.com/tensorflow/tensorflow/commit/0b5662bc2be13a8c8f044d925d87fb6e56247cd8;https://github.com/tensorflow/tensorflow/releases/tag/v2.3.1;;;;;
206;M;Denial of Service (DoS);https://snyk.io/vuln/SNYK-PYTHON-TENSORFLOW-1013552;tensorflow;[2.2.0, 2.2.1),[2.3.0, 2.3.1);CVE-2020-15213;https://github.com/tensorflow/tensorflow/security/advisories/GHSA-hjmq-236j-8m87;https://github.com/tensorflow/tensorflow/commit/204945b19e44b57906c9344c0d00120eeeae178a;https://github.com/tensorflow/tensorflow/releases/tag/v2.3.1;;;;;
207;M;Out-of-Bounds;https://snyk.io/vuln/SNYK-PYTHON-TENSORFLOW-1013583;tensorflow;[,1.15.4),[2.0.0, 2.0.3),[2.1.0, 2.1.2),[2.2.0, 2.2.1),[2.3.0, 2.3.1);CVE-2020-15211;https://github.com/tensorflow/tensorflow/security/advisories/GHSA-cvpc-8phh-8f45;https://github.com/tensorflow/tensorflow/commit/00302787b788c5ff04cb6f62aed5a74d936e86c0;https://github.com/tensorflow/tensorflow/releases/tag/v2.3.1;;;;;
208;H;Out-of-Bounds;https://snyk.io/vuln/SNYK-PYTHON-TENSORFLOW-1013548;tensorflow;[,1.15.4),[2.0.0, 2.0.3),[2.1.0, 2.1.2),[2.2.0, 2.2.1),[2.3.0, 2.3.1);CVE-2020-15208;https://github.com/tensorflow/tensorflow/security/advisories/GHSA-mxjj-953w-2c2v;https://github.com/tensorflow/tensorflow/commit/8ee24e7949a203d234489f9da2c5bf45a7d5157d;https://github.com/tensorflow/tensorflow/releases/tag/v2.3.1;;;;;
209;M;Out-of-bounds Read;https://snyk.io/vuln/SNYK-PYTHON-TENSORFLOW-568085;tensorflow;[,1.7.0);CVE-2018-21233;;https://github.com/tensorflow/tensorflow/commit/49f73c55d56edffebde4bca4a407ad69c1cae433;;;;;;
210;L;Heap-based Buffer Overflow;https://snyk.io/vuln/SNYK-PYTHON-TENSORFLOW-537867;tensorflow;[,1.15);CVE-2019-16778;https://github.com/tensorflow/tensorflow/security/advisories/GHSA-844w-j86r-4x2j;https://github.com/tensorflow/tensorflow/commit/db4f9717c41bccc3ce10099ab61996b246099892;;;;;;
211;H;Buffer Overflow;https://snyk.io/vuln/SNYK-PYTHON-TENSORFLOW-451681;tensorflow;[1.1.0, 1.7.1);CVE-2018-10055;;https://github.com/tensorflow/tensorflow/commit/c89ab82a82585cdaa90bf4911980e9e845909e78;;;;;;
212;H;Buffer Overflow;https://snyk.io/vuln/SNYK-PYTHON-TENSORFLOW-451670;tensorflow;[1.0.0, 1.7.1);CVE-2018-7575;https://github.com/tensorflow/tensorflow/blob/master/tensorflow/security/advisory/tfsa-2018-004.md;https://github.com/tensorflow/tensorflow/commit/2006ef57602012939dc10d7e8961925b320d3ef6;;;;;;
213;M;Denial of Service (DoS);https://snyk.io/vuln/SNYK-PYTHON-TENSORFLOW-451669;tensorflow;[,1.6.0);CVE-2018-7576;https://github.com/tensorflow/tensorflow/blob/master/tensorflow/security/advisory/tfsa-2018-002.md;https://github.com/tensorflow/tensorflow/commit/c48431588e7cf8aff61d4c299231e3e925144df8;;;;;;
214;H;Buffer Overflow;https://snyk.io/vuln/SNYK-PYTHON-TENSORFLOW-451636;tensorflow;[1.5.0, 1.7.1);CVE-2018-8825;;https://github.com/tensorflow/tensorflow/commit/41335abb46f80ca644b5738550daef6136ba5476;;;;;;
215;L;Improper Input Validation;https://snyk.io/vuln/SNYK-PYTHON-TENSORFLOWGPU-1050393;tensorflow-gpu;[,2.4.0rc0);CVE-2020-26268;;https://github.com/tensorflow/tensorflow/commit/c1e1fc899ad5f8c725dcbb6470069890b5060bc7;;;;;;https://nvd.nist.gov/vuln/detail/CVE-2020-26268
216;L;Improper Input Validation;https://snyk.io/vuln/SNYK-PYTHON-TENSORFLOWGPU-1050402;tensorflow-gpu;[,1.15.5),[2.0.0, 2.0.4),[2.1.0, 2.1.3),[2.2.0, 2.2.2),[2.3.0, 2.3.2);CVE-2020-26267;;https://github.com/tensorflow/tensorflow/commit/ebc70b7a592420d3d2f359e4b1694c236b82c7ae;;;;;;https://nvd.nist.gov/vuln/detail/CVE-2020-26267
217;H;Uninitialized Memory Exposure;https://snyk.io/vuln/SNYK-PYTHON-TENSORFLOWGPU-1050411;tensorflow-gpu;[,1.15.5),[2.0.0, 2.0.4),[2.1.0, 2.1.3),[2.2.0, 2.2.2),[2.3.0, 2.3.2);CVE-2020-26271;;https://github.com/tensorflow/tensorflow/commit/0cc38aaa4064fd9e79101994ce9872c6d91f816b;;;;;;https://nvd.nist.gov/vuln/detail/CVE-2020-26271
218;H;Out-of-bounds Read;https://snyk.io/vuln/SNYK-PYTHON-TENSORFLOWGPU-1050421;tensorflow-gpu;[2.4.0rc0,2.4.0);CVE-2020-26269;;https://github.com/tensorflow/tensorflow/commit/8b5b9dc96666a3a5d27fad7179ff215e3b74b67c;;;;;;
219;H;Denial of Service (DoS);https://snyk.io/vuln/SNYK-PYTHON-TENSORFLOWGPU-1020815;tensorflow-gpu;[,2.4.0);CVE-2020-15266;;https://github.com/tensorflow/tensorflow/pull/42143/commits/3ade2efec2e90c6237de32a19680caaa3ebc2845;;;;;https://github.com/tensorflow/tensorflow/issues/42129;
220;H;Denial of Service (DoS);https://snyk.io/vuln/SNYK-PYTHON-TENSORFLOWGPU-1020817;tensorflow-gpu;[,2.4.0rc0);CVE-2020-15265;;https://github.com/tensorflow/tensorflow/commit/eccb7ec454e6617738554a255d77f08e60ee0808;;;;;https://github.com/tensorflow/tensorflow/issues/42105;
221;M;Heap-based Buffer Overflow;https://snyk.io/vuln/SNYK-PYTHON-TENSORFLOWGPU-1013614;tensorflow-gpu;[2.3.0, 2.3.1);CVE-2020-15198;https://github.com/tensorflow/tensorflow/security/advisories/GHSA-jc87-6vpp-7ff3;https://github.com/tensorflow/tensorflow/commit/3cbb917b4714766030b28eba9fb41bb97ce9ee02;https://github.com/tensorflow/tensorflow/releases/tag/v2.3.1;;;;;
222;M;NULL Pointer Dereference;https://snyk.io/vuln/SNYK-PYTHON-TENSORFLOWGPU-1013608;tensorflow-gpu;[2.2.0, 2.2.1),[2.3.0, 2.3.1);CVE-2020-15191;https://github.com/tensorflow/tensorflow/security/advisories/GHSA-q8qj-fc9q-cphr;https://github.com/tensorflow/tensorflow/commit/22e07fb204386768e5bcbea563641ea11f96ceb8;https://github.com/tensorflow/tensorflow/releases/tag/v2.3.1;;;;;
223;H;Heap-based Buffer Overflow;https://snyk.io/vuln/SNYK-PYTHON-TENSORFLOWGPU-1013603;tensorflow-gpu;[,1.15.4),[2.0.0, 2.0.3),[2.1.0, 2.1.2),[2.2.0, 2.2.1),[2.3.0, 2.3.1);CVE-2020-15195;https://github.com/tensorflow/tensorflow/security/advisories/GHSA-63xm-rx5p-xvqr;https://github.com/tensorflow/tensorflow/commit/390611e0d45c5793c7066110af37c8514e6a6c54;https://github.com/tensorflow/tensorflow/releases/tag/v2.3.1;;;;;
224;H;Heap-based Buffer Overflow;https://snyk.io/vuln/SNYK-PYTHON-TENSORFLOWGPU-1013544;tensorflow-gpu;[,1.15.4),[2.0.0, 2.0.3),[2.1.0, 2.1.2),[2.2.0, 2.2.1),[2.3.0, 2.3.1);CVE-2020-15205;https://github.com/tensorflow/tensorflow/security/advisories/GHSA-g7p5-5759-qv46;https://github.com/tensorflow/tensorflow/commit/0462de5b544ed4731aa2fb23946ac22c01856b80;https://github.com/tensorflow/tensorflow/releases/tag/v2.3.1;;;;;
225;H;Numeric Truncation Error;https://snyk.io/vuln/SNYK-PYTHON-TENSORFLOWGPU-1013545;tensorflow-gpu;[,1.15.4),[2.0.0, 2.0.3),[2.1.0, 2.1.2),[2.2.0, 2.2.1),[2.3.0, 2.3.1);CVE-2020-15202;https://github.com/tensorflow/tensorflow/security/advisories/GHSA-h6fg-mjxg-hqq4;https://github.com/tensorflow/tensorflow/commit/27b417360cbd671ef55915e4bb6bb06af8b8a832;https://github.com/tensorflow/tensorflow/releases/tag/v2.3.1;;;;;
226;M;NULL Pointer Dereference;https://snyk.io/vuln/SNYK-PYTHON-TENSORFLOWGPU-1013540;tensorflow-gpu;[,1.15.4),[2.0.0, 2.0.3),[2.1.0, 2.1.2),[2.2.0, 2.2.1),[2.3.0, 2.3.1);CVE-2020-15204;https://github.com/tensorflow/tensorflow/security/advisories/GHSA-q8gv-q7wr-9jf8;https://github.com/tensorflow/tensorflow/commit/9a133d73ae4b4664d22bd1aa6d654fec13c52ee1;https://github.com/tensorflow/tensorflow/releases/tag/v2.3.1;;;;;
227;H;Externally-Controlled Format String;https://snyk.io/vuln/SNYK-PYTHON-TENSORFLOWGPU-1013495;tensorflow-gpu;[,1.15.4),[2.0.0, 2.0.3),[2.1.0, 2.1.2),[2.2.0, 2.2.1),[2.3.0, 2.3.1);CVE-2020-15203;https://github.com/tensorflow/tensorflow/security/advisories/GHSA-xmq7-7fxm-rr79;https://github.com/tensorflow/tensorflow/commit/33be22c65d86256e6826666662e40dbdfe70ee83;;;https://github.com/advisories/GHSA-xmq7-7fxm-rr79;;;https://nvd.nist.gov/vuln/detail/CVE-2020-15203
228;H;Denial of Service (DoS);https://snyk.io/vuln/SNYK-PYTHON-TENSORFLOWGPU-1013448;tensorflow-gpu;[,1.15.4),[2.0.0, 2.0.3),[2.1.0, 2.1.2),[2.2.0, 2.2.1),[2.3.0, 2.3.1);CVE-2020-15206;https://github.com/tensorflow/tensorflow/security/advisories/GHSA-w5gh-2wr2-pm6g;https://github.com/tensorflow/tensorflow/commit/adf095206f25471e864a8e63a0f1caef53a0e3a6;https://github.com/tensorflow/tensorflow/releases/tag/v2.3.1;;;;;
229;L;Denial of Service (DoS);https://snyk.io/vuln/SNYK-PYTHON-TENSORFLOWGPU-1013442;tensorflow-gpu;[,1.15.4),[2.0.0, 2.0.3),[2.1.0, 2.1.2),[2.2.0, 2.2.1),[2.3.0, 2.3.1);CVE-2020-15190;;https://github.com/tensorflow/tensorflow/commit/da8558533d925694483d2c136a9220d6d49d843c;;;;;;https://nvd.nist.gov/vuln/detail/CVE-2020-15190
230;H;Denial of Service (DoS);https://snyk.io/vuln/SNYK-PYTHON-TENSORFLOWGPU-543631;tensorflow-gpu;[1.12.0, 1.15.2),[2.0.0a0, 2.0.1);CVE-2020-5215;https://github.com/tensorflow/tensorflow/security/advisories/GHSA-977j-xj7q-2jr9;https://github.com/tensorflow/tensorflow/commit/5ac1b9e24ff6afc465756edf845d2e9660bd34bf;https://github.com/tensorflow/tensorflow/releases/tag/v1.15.2;;;;;
231;H;Denial of Service (DoS);https://snyk.io/vuln/SNYK-PYTHON-THRIFT-474615;thrift;[,0.13.0);CVE-2019-0205;;https://github.com/apache/thrift/commit/798e90aa8715ed0deff68ef4784926fe2be5c0ea;;;;;;
232;H;Authentication Bypass;https://snyk.io/vuln/SNYK-PYTHON-THRIFT-564126;thrift;[,0.10.0);CVE-2018-1320;;https://github.com/apache/thrift/commit/d973409661f820d80d72c0034d06a12348c8705e;;;;;;
233;H;Arbitrary Code Execution;https://snyk.io/vuln/SNYK-PYTHON-TQDM-40369;tqdm;[,4.11.2);CVE-2016-10075;;https://github.com/tqdm/tqdm/commit/7996430e92ca0babec510fcf18d62c9f9c4e6b4d;;;;https://github.com/tqdm/tqdm/pull/330;https://github.com/tqdm/tqdm/issues/328;https://web.nvd.nist.gov/view/vuln/detail?vulnId=CVE-2016-10075
234;M;Timing Attack;https://snyk.io/vuln/SNYK-PYTHON-TWILIO-40494;twilio;[3.0.0,3.5.0);;;https://github.com/twilio/twilio-python/commit/022ea4cb852da3ec7cbd6da9cf09b46fc4742f99;;;;https://github.com/twilio/twilio-python/pull/118;;
235;M;Open Redirection;https://snyk.io/vuln/SNYK-PYTHON-TWINE-40578;twine;[,1.6.0);;;https://github.com/pypa/twine/commit/29e85757559154e919c9fe0a7f5803a425628855;;;;https://github.com/pypa/twine/pull/94;https://github.com/pypa/twine/issues/92;
236;M;HTTP Header Injection;https://snyk.io/vuln/SNYK-PYTHON-TWISTED-564357;twisted;[,19.2.0);;;https://github.com/twisted/twisted/commit/63a707ed62ec95fe0285ac061721bd5de81d2e37;;;;https://github.com/twisted/twisted/pull/999;;
237;H;Improper Input Validation;https://snyk.io/vuln/SNYK-PYTHON-TWISTED-449615;twisted;[ ,19.2.1);CVE-2019-12387;;https://github.com/twisted/twisted/commit/6c61fc4503ae39ab8ecee52d10f10ee2c371d7e2;;;;;;
238;L;Access Restriction Bypass;https://snyk.io/vuln/SNYK-PYTHON-TWISTED-40039;twisted;[,14.0.1);CVE-2014-7143;;https://github.com/twisted/twisted/commit/3b5942252f5f3e45862a0e12b266ab29e243cc33;;;;;;
239;M;Arbitrary Code Execution;https://snyk.io/vuln/SNYK-PYTHON-UAPARSER-40565;ua-parser;[,0.5.1);;;https://github.com/ua-parser/uap-python/commit/c81b1cbc20f9b52e09621573d3b34b7a6b7dbd73;;;;https://github.com/ua-parser/uap-python/pull/22;;
240;M;Improper Certificate Validation;https://snyk.io/vuln/SNYK-PYTHON-URLLIB3-1085966;urllib3;[1.26.0,1.26.4);CVE-2021-28363;;https://github.com/urllib3/urllib3/commit/8d65ea1ecf6e2cdc27d42124e587c1b83a3118b0;;;;;;
241;M;Insecure Defaults;https://snyk.io/vuln/SNYK-PYTHON-URLLIB3-1047466;urllib3;[,1.8);;;https://github.com/urllib3/urllib3/commit/2088570a293df42b1623dd74fcff0174d0565af5;;;;;;
242;H;HTTP Header Injection;https://snyk.io/vuln/SNYK-PYTHON-URLLIB3-1014645;urllib3;[,1.25.9);CVE-2020-26137;;https://github.com/urllib3/urllib3/commit/1dd69c5c5982fae7c87a620d487c2ebf7a6b436b;;;;https://github.com/urllib3/urllib3/pull/1800;;
243;H;CRLF injection;https://snyk.io/vuln/SNYK-PYTHON-URLLIB3-174323;urllib3;[,1.24.3);CVE-2019-11236;;https://github.com/urllib3/urllib3/commit/5d523706c7b03f947dc50a7e783758a2bfff0532;;;;https://github.com/urllib3/urllib3/pull/1487;https://github.com/urllib3/urllib3/issues/1553;
244;L;Improper Certificate Validation;https://snyk.io/vuln/SNYK-PYTHON-URLLIB3-40441;urllib3;[1.17,1.18.1);CVE-2016-9015;;https://github.com/shazow/urllib3/commit/5e36a7096455ea94fb28b623d64e1f1bad97f822;;;;https://github.com/shazow/urllib3/pull/1010;;https://web.nvd.nist.gov/view/vuln/detail?vulnId=CVE-2016-9015
245;M;Cross-site Scripting (XSS);https://snyk.io/vuln/SNYK-PYTHON-WAGTAIL-585980;wagtail;[,2.7.4),[2.8.0, 2.9.3);CVE-2020-15118;;https://github.com/wagtail/wagtail/commit/d9a41e7f24d08c024acc9a3094940199df94db34;https://github.com/wagtail/wagtail/blob/master/docs/releases/2.9.3.rst;;;;;
246;L;HTTP Response Splitting;https://snyk.io/vuln/SNYK-PYTHON-WAITRESS-564339;waitress;[,0.9.0b1);;;https://github.com/Pylons/waitress/commit/4deab9f23f9eb273971da247981aa85b7a16e946;;;;https://github.com/Pylons/waitress/pull/124;https://github.com/Pylons/waitress/issues/122;
247;H;Regular Expression Denial of Service (ReDoS);https://snyk.io/vuln/SNYK-PYTHON-WAITRESS-544148;waitress;[1.4.2,1.4.3);CVE-2020-5236;;https://github.com/Pylons/waitress/commit/6e46f9e3f014d64dd7d1e258eaf626e39870ee1f;;;;;;
248;H;HTTP Request Smuggling;https://snyk.io/vuln/SNYK-PYTHON-WAITRESS-543054;waitress;[,1.4.0);CVE-2019-16792;;https://github.com/Pylons/waitress/commit/575994cd42e83fd772a5f7ec98b2c56751bd3f65;;;;;;
249;H;HTTP Request Smuggling;https://snyk.io/vuln/SNYK-PYTHON-WAITRESS-539932;waitress;[,1.4.2);CVE-2019-16789;;https://github.com/Pylons/waitress/commit/11d9e138125ad46e951027184b13242a3c1de017;;;;https://github.com/github/advisory-review/pull/14604;;
250;H;HTTP Request Smuggling;https://snyk.io/vuln/SNYK-PYTHON-WAITRESS-538573;waitress;[,1.4.0);CVE-2019-16785;;https://github.com/Pylons/waitress/commit/8eba394ad75deaf9e5cd15b78a3d16b12e6b0eba;;;;;;
251;H;HTTP Request Smuggling;https://snyk.io/vuln/SNYK-PYTHON-WAITRESS-538575;waitress;[,1.4.0);CVE-2019-16786;;https://github.com/Pylons/waitress/commit/f11093a6b3240fc26830b6111e826128af7771c3;;;;;;
252;M;HTTP Response Splitting;https://snyk.io/vuln/SNYK-PYTHON-WAITRESS-40566;waitress;[,0.8.11b0);;;https://github.com/Pylons/waitress/commit/07e21576ef272a1bbd5410ef34f479e31ee68665;;;;https://github.com/Pylons/waitress/pull/121;https://github.com/Pylons/waitress/issues/117;
253;M;WSGI header spoofing;https://snyk.io/vuln/SNYK-PYTHON-WAITRESS-40552;waitress;[,1.0a1);CVE-2015-0219;;https://github.com/Pylons/waitress/commit/7f4e0f7b9c14aba74dd1da7a030072d79ca99b6b;;;;https://github.com/Pylons/waitress/pull/129;https://github.com/Pylons/waitress/issues/81;
254;H;Cross-Site Request Forgery (CSRF);https://snyk.io/vuln/SNYK-PYTHON-WEBARGS-564231;webargs;[6.0.0b1,6.0.0b4),[,5.5.3);CVE-2020-7965;;https://github.com/marshmallow-code/webargs/commit/74fada601a31b03dca0e4ae34c7d40246dcef598;;;;;;
255;M;HTTP Response Splitting;https://snyk.io/vuln/SNYK-PYTHON-WEBOB-40490;webob;[,1.6.0a0);;;https://github.com/Pylons/webob/commit/97041f58fcee30b37a8c0fba0108cf69c6e01330;;;;https://github.com/Pylons/webob/pull/229;https://github.com/Pylons/webob/issues/217;
256;M;Insecure Randomness;https://snyk.io/vuln/SNYK-PYTHON-WEBSOCKETCLIENT-40498;websocket-client;[,0.33);;;https://github.com/websocket-client/websocket-client/commit/896e7c7317def65f7f8fb27a3eed807f2e1e5386;;;;https://github.com/websocket-client/websocket-client/pull/211;https://github.com/websocket-client/websocket-client/issues/210;
257;H;Denial of Service (DoS);https://snyk.io/vuln/SNYK-PYTHON-WEBSOCKETS-42181;websockets;[,5.0);CVE-2018-1000518;;https://github.com/aaugustin/websockets/commit/b6a25ceb3555d0ba69e5961b8d7616e4c1aecb2b;;;;https://github.com/aaugustin/websockets/pull/407;;
258;H;Open Redirect;https://snyk.io/vuln/SNYK-PYTHON-WERKZEUG-1041750;werkzeug;[,0.11.6);CVE-2020-28724;;https://github.com/pallets/werkzeug/commit/413a978fa99f64d2abdfb8bddd1da5bf44bc52ec;;;;https://github.com/pallets/werkzeug/pull/890/files;;
259;L;Insufficient Entropy;https://snyk.io/vuln/SNYK-PYTHON-WERKZEUG-564340;werkzeug;[,0.3.1);;;https://github.com/pallets/werkzeug/commit/84eabcaa81f60d47939ac2d43f01d01eeab598a4;;;;;;
260;H;Insufficient Randomness;https://snyk.io/vuln/SNYK-PYTHON-WERKZEUG-458931;werkzeug;[,0.15.3);CVE-2019-14806;;https://github.com/pallets/werkzeug/commit/00bc43b1672e662e5e3b8cecd79e67fc968fa246;;;;;;
261;M;Cross-site Scripting (XSS);https://snyk.io/vuln/SNYK-PYTHON-WERKZEUG-40482;werkzeug;[,0.11.11);;;https://github.com/pallets/werkzeug/commit/1034edc7f901dd645ec6e462754111b39002bd65;;;;https://github.com/pallets/werkzeug/pull/1001;;
262;M;Cross-site Scripting (XSS);https://snyk.io/vuln/SNYK-PYTHON-WERKZEUG-40487;werkzeug;[,0.8.3);;;https://github.com/pallets/werkzeug/commit/7b8d887d33c768a77f40dd15ff5ac6ebbbab25b9;;;;;;
